{
  "snap_utc": "2026-05-28T04:23:02.180465+00:00",
  "snap_t_ms": 1779942181526,
  "account_value": 2865509.156097,
  "withdrawable": 0.0,
  "n_positions": 23,
  "n_long": 6,
  "n_short": 17,
  "total_unrealized_pnl": 7807433.760131001,
  "total_funding_per_day_usd": -6195.914071798439,
  "n_positions_receiving_funding": 7,
  "n_positions_paying_funding": 16,
  "biggest_winner": {
    "snap_t": 1779942181526,
    "coin": "HYPE",
    "direction": 1,
    "size_abs": 78076.29,
    "entry_px": 27.1949,
    "position_value": 4444492.80825,
    "margin_used": 1481497.60275,
    "unrealized_pnl": 2321214.356144,
    "return_on_equity": 3.2796654916,
    "liq_px": null,
    "funding_rate_per_hour": 1.25e-05,
    "funding_per_hour_usd": -55.556160103125,
    "funding_per_day_usd": -1333.347842475,
    "funding_apr_for_whale_pct": -10.950000000000001
  },
  "biggest_loser": {
    "snap_t": 1779942181526,
    "coin": "AAVE",
    "direction": 1,
    "size_abs": 4741.74,
    "entry_px": 152.6925,
    "position_value": 380244.87234,
    "margin_used": 38024.487234,
    "unrealized_pnl": -343783.617857,
    "return_on_equity": -4.7482056647,
    "liq_px": null,
    "funding_rate_per_hour": 2.649e-06,
    "funding_per_hour_usd": -1.00726866682866,
    "funding_per_day_usd": -24.17444800388784,
    "funding_apr_for_whale_pct": -2.3205240000000003
  },
  "worst_funding_drain": {
    "snap_t": 1779942181526,
    "coin": "BTC",
    "direction": 1,
    "size_abs": 149.83883,
    "entry_px": 70834.4,
    "position_value": 10919804.41391,
    "margin_used": 272995.110347,
    "unrealized_pnl": 306058.678091,
    "return_on_equity": 1.1534426609,
    "liq_px": null,
    "funding_rate_per_hour": 9.6074e-06,
    "funding_per_hour_usd": -104.91092892619893,
    "funding_per_day_usd": -2517.8622942287743,
    "funding_apr_for_whale_pct": -8.4160824
  },
  "best_funding_income": {
    "snap_t": 1779942181526,
    "coin": "NEAR",
    "direction": -1,
    "size_abs": 399140.0,
    "entry_px": 3.29351,
    "position_value": 951390.104,
    "margin_used": 95139.0104,
    "unrealized_pnl": 363185.051601,
    "return_on_equity": 2.7627560893,
    "liq_px": "32.4338287139",
    "funding_rate_per_hour": 1.25e-05,
    "funding_per_hour_usd": 11.8923763,
    "funding_per_day_usd": 285.4170312,
    "funding_apr_for_whale_pct": 10.950000000000001
  }
}