{
  "snap_utc": "2026-05-30T21:44:42.999864+00:00",
  "snap_t_ms": 1780177481584,
  "account_value": 28447969.083438,
  "withdrawable": 12742723.606626,
  "n_positions": 28,
  "n_long": 7,
  "n_short": 21,
  "total_unrealized_pnl": 8268540.821466999,
  "total_funding_per_day_usd": 35433.568337978686,
  "n_positions_receiving_funding": 20,
  "n_positions_paying_funding": 8,
  "biggest_winner": {
    "snap_t": 1780177481584,
    "coin": "ETH",
    "direction": -1,
    "size_abs": 29660.5722,
    "entry_px": 2154.87,
    "position_value": 60202063.39434,
    "margin_used": 4013470.892956,
    "unrealized_pnl": 3712813.28533,
    "return_on_equity": 0.8713495539,
    "liq_px": "2821.8770363391",
    "funding_rate_per_hour": 1.25e-05,
    "funding_per_hour_usd": 752.52579242925,
    "funding_per_day_usd": 18060.619018302,
    "funding_apr_for_whale_pct": 10.950000000000001
  },
  "biggest_loser": {
    "snap_t": 1780177481584,
    "coin": "HYPE",
    "direction": -1,
    "size_abs": 199129.81,
    "entry_px": 62.9481,
    "position_value": 13467746.43973,
    "margin_used": 2693549.287946,
    "unrealized_pnl": -932892.595653,
    "return_on_equity": -0.3721194548,
    "liq_px": "178.5381123402",
    "funding_rate_per_hour": 1.25e-05,
    "funding_per_hour_usd": 168.34683049662502,
    "funding_per_day_usd": 4040.3239319190006,
    "funding_apr_for_whale_pct": 10.950000000000001
  },
  "worst_funding_drain": {
    "snap_t": 1780177481584,
    "coin": "ZEC",
    "direction": 1,
    "size_abs": 3718.95,
    "entry_px": 556.2092,
    "position_value": 1983167.277,
    "margin_used": 198316.7277,
    "unrealized_pnl": -85347.079183,
    "return_on_equity": -0.4126008549,
    "liq_px": null,
    "funding_rate_per_hour": 1.13023e-05,
    "funding_per_hour_usd": -22.4143515148371,
    "funding_per_day_usd": -537.9444363560904,
    "funding_apr_for_whale_pct": -9.9008148
  },
  "best_funding_income": {
    "snap_t": 1780177481584,
    "coin": "ETH",
    "direction": -1,
    "size_abs": 29660.5722,
    "entry_px": 2154.87,
    "position_value": 60202063.39434,
    "margin_used": 4013470.892956,
    "unrealized_pnl": 3712813.28533,
    "return_on_equity": 0.8713495539,
    "liq_px": "2821.8770363391",
    "funding_rate_per_hour": 1.25e-05,
    "funding_per_hour_usd": 752.52579242925,
    "funding_per_day_usd": 18060.619018302,
    "funding_apr_for_whale_pct": 10.950000000000001
  }
}