{
  "snap_utc": "2026-05-26T20:43:18.139633+00:00",
  "snap_t_ms": 1779828197283,
  "account_value": 3270204.002351,
  "withdrawable": 0.0,
  "n_positions": 23,
  "n_long": 6,
  "n_short": 17,
  "total_unrealized_pnl": 8213057.202253,
  "total_funding_per_day_usd": -3154.509496204436,
  "n_positions_receiving_funding": 11,
  "n_positions_paying_funding": 12,
  "biggest_winner": {
    "snap_t": 1779828197283,
    "coin": "HYPE",
    "direction": 1,
    "size_abs": 78076.29,
    "entry_px": 27.1949,
    "position_value": 4669508.67603,
    "margin_used": 1556502.89201,
    "unrealized_pnl": 2546230.223924,
    "return_on_equity": 3.5975925175,
    "liq_px": null,
    "funding_rate_per_hour": 1.25e-05,
    "funding_per_hour_usd": -58.368858450375,
    "funding_per_day_usd": -1400.852602809,
    "funding_apr_for_whale_pct": -10.950000000000001
  },
  "biggest_loser": {
    "snap_t": 1779828197283,
    "coin": "AAVE",
    "direction": 1,
    "size_abs": 4741.74,
    "entry_px": 152.6925,
    "position_value": 409591.5012,
    "margin_used": 40959.15012,
    "unrealized_pnl": -314436.988997,
    "return_on_equity": -4.342881437,
    "liq_px": null,
    "funding_rate_per_hour": 1.25e-05,
    "funding_per_hour_usd": -5.1198937650000005,
    "funding_per_day_usd": -122.87745036000001,
    "funding_apr_for_whale_pct": -10.950000000000001
  },
  "worst_funding_drain": {
    "snap_t": 1779828197283,
    "coin": "TON",
    "direction": -1,
    "size_abs": 116097.7,
    "entry_px": 5.94226,
    "position_value": 231208.56955,
    "margin_used": 23120.856955,
    "unrealized_pnl": 458674.227961,
    "return_on_equity": 6.6485818985,
    "liq_px": "108.9460689336",
    "funding_rate_per_hour": -0.0003879656,
    "funding_per_hour_usd": -89.70097141060747,
    "funding_per_day_usd": -2152.8233138545793,
    "funding_apr_for_whale_pct": -339.8578656
  },
  "best_funding_income": {
    "snap_t": 1779828197283,
    "coin": "BTC",
    "direction": 1,
    "size_abs": 149.83883,
    "entry_px": 70834.4,
    "position_value": 11394943.34384,
    "margin_used": 284873.583596,
    "unrealized_pnl": 781197.608021,
    "return_on_equity": 2.9440976917,
    "liq_px": null,
    "funding_rate_per_hour": -1.2999e-06,
    "funding_per_hour_usd": 14.812286852657616,
    "funding_per_day_usd": 355.4948844637828,
    "funding_apr_for_whale_pct": 1.1387124
  }
}