{
  "snap_utc": "2026-05-30T16:46:00.422654+00:00",
  "snap_t_ms": 1780159559832,
  "account_value": 3666256.0292,
  "withdrawable": 0.0,
  "n_positions": 23,
  "n_long": 6,
  "n_short": 17,
  "total_unrealized_pnl": 8615374.867934,
  "total_funding_per_day_usd": 3999.566267308907,
  "n_positions_receiving_funding": 16,
  "n_positions_paying_funding": 7,
  "biggest_winner": {
    "snap_t": 1780159559832,
    "coin": "HYPE",
    "direction": 1,
    "size_abs": 78076.29,
    "entry_px": 27.1949,
    "position_value": 5175755.34039,
    "margin_used": 1725251.78013,
    "unrealized_pnl": 3052476.888284,
    "return_on_equity": 4.3128731683,
    "liq_px": null,
    "funding_rate_per_hour": -3.08861e-05,
    "funding_per_hour_usd": 159.8588970188196,
    "funding_per_day_usd": 3836.6135284516704,
    "funding_apr_for_whale_pct": 27.056223600000006
  },
  "biggest_loser": {
    "snap_t": 1780159559832,
    "coin": "AAVE",
    "direction": 1,
    "size_abs": 4741.74,
    "entry_px": 152.6925,
    "position_value": 394398.96624,
    "margin_used": 39439.896624,
    "unrealized_pnl": -329629.523957,
    "return_on_equity": -4.552714823,
    "liq_px": null,
    "funding_rate_per_hour": -3.7103e-06,
    "funding_per_hour_usd": 1.463338484440272,
    "funding_per_day_usd": 35.120123626566524,
    "funding_apr_for_whale_pct": 3.2502227999999995
  },
  "worst_funding_drain": {
    "snap_t": 1780159559832,
    "coin": "BTC",
    "direction": 1,
    "size_abs": 149.83883,
    "entry_px": 70834.4,
    "position_value": 11076985.34658,
    "margin_used": 276924.633664,
    "unrealized_pnl": 463239.610761,
    "return_on_equity": 1.745810093,
    "liq_px": null,
    "funding_rate_per_hour": 3.5052e-06,
    "funding_per_hour_usd": -38.827049036832214,
    "funding_per_day_usd": -931.8491768839731,
    "funding_apr_for_whale_pct": -3.0705552000000003
  },
  "best_funding_income": {
    "snap_t": 1780159559832,
    "coin": "HYPE",
    "direction": 1,
    "size_abs": 78076.29,
    "entry_px": 27.1949,
    "position_value": 5175755.34039,
    "margin_used": 1725251.78013,
    "unrealized_pnl": 3052476.888284,
    "return_on_equity": 4.3128731683,
    "liq_px": null,
    "funding_rate_per_hour": -3.08861e-05,
    "funding_per_hour_usd": 159.8588970188196,
    "funding_per_day_usd": 3836.6135284516704,
    "funding_apr_for_whale_pct": 27.056223600000006
  }
}