{
  "snap_utc": "2026-05-26T22:52:03.583850+00:00",
  "snap_t_ms": 1779835922976,
  "account_value": 3183251.192058,
  "withdrawable": 0.0,
  "n_positions": 23,
  "n_long": 6,
  "n_short": 17,
  "total_unrealized_pnl": 8126110.770303001,
  "total_funding_per_day_usd": 3485.5203679756523,
  "n_positions_receiving_funding": 9,
  "n_positions_paying_funding": 14,
  "biggest_winner": {
    "snap_t": 1779835922976,
    "coin": "HYPE",
    "direction": 1,
    "size_abs": 78076.29,
    "entry_px": 27.1949,
    "position_value": 4640230.06728,
    "margin_used": 1546743.35576,
    "unrealized_pnl": 2516951.615174,
    "return_on_equity": 3.5562244971,
    "liq_px": null,
    "funding_rate_per_hour": 1.25e-05,
    "funding_per_hour_usd": -58.002875841000005,
    "funding_per_day_usd": -1392.0690201840002,
    "funding_apr_for_whale_pct": -10.950000000000001
  },
  "biggest_loser": {
    "snap_t": 1779835922976,
    "coin": "AAVE",
    "direction": 1,
    "size_abs": 4741.74,
    "entry_px": 152.6925,
    "position_value": 405466.1874,
    "margin_used": 40546.61874,
    "unrealized_pnl": -318562.302797,
    "return_on_equity": -4.3998586673,
    "liq_px": null,
    "funding_rate_per_hour": 1.25e-05,
    "funding_per_hour_usd": -5.0683273425,
    "funding_per_day_usd": -121.63985622,
    "funding_apr_for_whale_pct": -10.950000000000001
  },
  "worst_funding_drain": {
    "snap_t": 1779835922976,
    "coin": "HYPE",
    "direction": 1,
    "size_abs": 78076.29,
    "entry_px": 27.1949,
    "position_value": 4640230.06728,
    "margin_used": 1546743.35576,
    "unrealized_pnl": 2516951.615174,
    "return_on_equity": 3.5562244971,
    "liq_px": null,
    "funding_rate_per_hour": 1.25e-05,
    "funding_per_hour_usd": -58.002875841000005,
    "funding_per_day_usd": -1392.0690201840002,
    "funding_apr_for_whale_pct": -10.950000000000001
  },
  "best_funding_income": {
    "snap_t": 1779835922976,
    "coin": "BTC",
    "direction": 1,
    "size_abs": 149.83883,
    "entry_px": 70834.4,
    "position_value": 11337555.07195,
    "margin_used": 283438.876798,
    "unrealized_pnl": 723809.336131,
    "return_on_equity": 2.7278186388,
    "liq_px": null,
    "funding_rate_per_hour": -1.58016e-05,
    "funding_per_hour_usd": 179.15151022492512,
    "funding_per_day_usd": 4299.636245398203,
    "funding_apr_for_whale_pct": 13.842201600000001
  }
}