{
  "snap_utc": "2026-05-30T19:38:52.125506+00:00",
  "snap_t_ms": 1780169931230,
  "account_value": 28618303.859676,
  "withdrawable": 13270417.599064,
  "n_positions": 28,
  "n_long": 7,
  "n_short": 21,
  "total_unrealized_pnl": 8439095.337719997,
  "total_funding_per_day_usd": 25744.167243140044,
  "n_positions_receiving_funding": 19,
  "n_positions_paying_funding": 9,
  "biggest_winner": {
    "snap_t": 1780169931230,
    "coin": "ETH",
    "direction": -1,
    "size_abs": 29633.3648,
    "entry_px": 2154.99,
    "position_value": 60054977.10368,
    "margin_used": 4003665.140245,
    "unrealized_pnl": 3804730.7284,
    "return_on_equity": 0.8936927973,
    "liq_px": "2829.0794961191",
    "funding_rate_per_hour": 1.25e-05,
    "funding_per_hour_usd": 750.687213796,
    "funding_per_day_usd": 18016.493131104,
    "funding_apr_for_whale_pct": 10.950000000000001
  },
  "biggest_loser": {
    "snap_t": 1780169931230,
    "coin": "HYPE",
    "direction": -1,
    "size_abs": 199129.81,
    "entry_px": 62.9481,
    "position_value": 13563129.61872,
    "margin_used": 2712625.923744,
    "unrealized_pnl": -1028275.774643,
    "return_on_equity": -0.4101666391,
    "liq_px": "180.3166263789",
    "funding_rate_per_hour": -5.4456e-06,
    "funding_per_hour_usd": -73.85937865170163,
    "funding_per_day_usd": -1772.6250876408392,
    "funding_apr_for_whale_pct": -4.7703456
  },
  "worst_funding_drain": {
    "snap_t": 1780169931230,
    "coin": "HYPE",
    "direction": -1,
    "size_abs": 199129.81,
    "entry_px": 62.9481,
    "position_value": 13563129.61872,
    "margin_used": 2712625.923744,
    "unrealized_pnl": -1028275.774643,
    "return_on_equity": -0.4101666391,
    "liq_px": "180.3166263789",
    "funding_rate_per_hour": -5.4456e-06,
    "funding_per_hour_usd": -73.85937865170163,
    "funding_per_day_usd": -1772.6250876408392,
    "funding_apr_for_whale_pct": -4.7703456
  },
  "best_funding_income": {
    "snap_t": 1780169931230,
    "coin": "ETH",
    "direction": -1,
    "size_abs": 29633.3648,
    "entry_px": 2154.99,
    "position_value": 60054977.10368,
    "margin_used": 4003665.140245,
    "unrealized_pnl": 3804730.7284,
    "return_on_equity": 0.8936927973,
    "liq_px": "2829.0794961191",
    "funding_rate_per_hour": 1.25e-05,
    "funding_per_hour_usd": 750.687213796,
    "funding_per_day_usd": 18016.493131104,
    "funding_apr_for_whale_pct": 10.950000000000001
  }
}