{
  "snap_utc": "2026-05-29T12:25:07.277399+00:00",
  "snap_t_ms": 1780057506517,
  "account_value": 3272314.676342,
  "withdrawable": 0.0,
  "n_positions": 23,
  "n_long": 6,
  "n_short": 17,
  "total_unrealized_pnl": 8219404.734755,
  "total_funding_per_day_usd": -162.7649521003039,
  "n_positions_receiving_funding": 11,
  "n_positions_paying_funding": 12,
  "biggest_winner": {
    "snap_t": 1780057506517,
    "coin": "HYPE",
    "direction": 1,
    "size_abs": 78076.29,
    "entry_px": 27.1949,
    "position_value": 4833156.57987,
    "margin_used": 1611052.19329,
    "unrealized_pnl": 2709878.127764,
    "return_on_equity": 3.8288121726,
    "liq_px": null,
    "funding_rate_per_hour": 1.25e-05,
    "funding_per_hour_usd": -60.414457248374994,
    "funding_per_day_usd": -1449.946973961,
    "funding_apr_for_whale_pct": -10.950000000000001
  },
  "biggest_loser": {
    "snap_t": 1780057506517,
    "coin": "AAVE",
    "direction": 1,
    "size_abs": 4741.74,
    "entry_px": 152.6925,
    "position_value": 386451.81,
    "margin_used": 38645.181,
    "unrealized_pnl": -337576.680197,
    "return_on_equity": -4.6624778551,
    "liq_px": null,
    "funding_rate_per_hour": -1.2901e-06,
    "funding_per_hour_usd": 0.498561480081,
    "funding_per_day_usd": 11.965475521944,
    "funding_apr_for_whale_pct": 1.1301276
  },
  "worst_funding_drain": {
    "snap_t": 1780057506517,
    "coin": "HYPE",
    "direction": 1,
    "size_abs": 78076.29,
    "entry_px": 27.1949,
    "position_value": 4833156.57987,
    "margin_used": 1611052.19329,
    "unrealized_pnl": 2709878.127764,
    "return_on_equity": 3.8288121726,
    "liq_px": null,
    "funding_rate_per_hour": 1.25e-05,
    "funding_per_hour_usd": -60.414457248374994,
    "funding_per_day_usd": -1449.946973961,
    "funding_apr_for_whale_pct": -10.950000000000001
  },
  "best_funding_income": {
    "snap_t": 1780057506517,
    "coin": "BTC",
    "direction": 1,
    "size_abs": 149.83883,
    "entry_px": 70834.4,
    "position_value": 10981088.49538,
    "margin_used": 274527.212384,
    "unrealized_pnl": 367342.759561,
    "return_on_equity": 1.3844038427,
    "liq_px": null,
    "funding_rate_per_hour": -5.4123e-06,
    "funding_per_hour_usd": 59.43294526354517,
    "funding_per_day_usd": 1426.390686325084,
    "funding_apr_for_whale_pct": 4.7411748000000005
  }
}