{
  "snap_utc": "2026-05-30T11:04:12.519092+00:00",
  "snap_t_ms": 1780139051971,
  "account_value": 3647928.966507,
  "withdrawable": 0.0,
  "n_positions": 23,
  "n_long": 6,
  "n_short": 17,
  "total_unrealized_pnl": 8596240.140987,
  "total_funding_per_day_usd": -3215.776198235983,
  "n_positions_receiving_funding": 15,
  "n_positions_paying_funding": 8,
  "biggest_winner": {
    "snap_t": 1780139051971,
    "coin": "HYPE",
    "direction": 1,
    "size_abs": 78076.29,
    "entry_px": 27.1949,
    "position_value": 5219868.44424,
    "margin_used": 1739956.14808,
    "unrealized_pnl": 3096589.992134,
    "return_on_equity": 4.3752009856,
    "liq_px": null,
    "funding_rate_per_hour": 1.17195e-05,
    "funding_per_hour_usd": -61.174248232270685,
    "funding_per_day_usd": -1468.1819575744964,
    "funding_apr_for_whale_pct": -10.266282
  },
  "biggest_loser": {
    "snap_t": 1780139051971,
    "coin": "AAVE",
    "direction": 1,
    "size_abs": 4741.74,
    "entry_px": 152.6925,
    "position_value": 392260.4415,
    "margin_used": 39226.04415,
    "unrealized_pnl": -331768.048697,
    "return_on_equity": -4.5822512952,
    "liq_px": null,
    "funding_rate_per_hour": -5.0006e-06,
    "funding_per_hour_usd": 1.9615375637649002,
    "funding_per_day_usd": 47.0769015303576,
    "funding_apr_for_whale_pct": 4.3805256
  },
  "worst_funding_drain": {
    "snap_t": 1780139051971,
    "coin": "BTC",
    "direction": 1,
    "size_abs": 149.83883,
    "entry_px": 70834.4,
    "position_value": 11030235.63162,
    "margin_used": 275755.89079,
    "unrealized_pnl": 416489.895801,
    "return_on_equity": 1.569624546,
    "liq_px": null,
    "funding_rate_per_hour": 1.00181e-05,
    "funding_per_hour_usd": -110.50200358113231,
    "funding_per_day_usd": -2652.0480859471754,
    "funding_apr_for_whale_pct": -8.7758556
  },
  "best_funding_income": {
    "snap_t": 1780139051971,
    "coin": "ZEC",
    "direction": 1,
    "size_abs": 1063.82,
    "entry_px": 586.6789,
    "position_value": 551441.7352,
    "margin_used": 110288.34704,
    "unrealized_pnl": -72679.082195,
    "return_on_equity": -0.5822517065,
    "liq_px": null,
    "funding_rate_per_hour": -2.77837e-05,
    "funding_per_hour_usd": 15.32109173827624,
    "funding_per_day_usd": 367.70620171862976,
    "funding_apr_for_whale_pct": 24.338521200000002
  }
}