{
  "snap_utc": "2026-05-30T20:39:48.915727+00:00",
  "snap_t_ms": 1780173588176,
  "account_value": 28558372.674204,
  "withdrawable": 13100847.48728,
  "n_positions": 28,
  "n_long": 7,
  "n_short": 21,
  "total_unrealized_pnl": 8379944.6209889995,
  "total_funding_per_day_usd": 32088.815713028118,
  "n_positions_receiving_funding": 21,
  "n_positions_paying_funding": 7,
  "biggest_winner": {
    "snap_t": 1780173588176,
    "coin": "ETH",
    "direction": -1,
    "size_abs": 29660.5722,
    "entry_px": 2154.87,
    "position_value": 60092319.2772,
    "margin_used": 4006154.61848,
    "unrealized_pnl": 3822557.40247,
    "return_on_equity": 0.8971050875,
    "liq_px": "2824.39349199",
    "funding_rate_per_hour": 1.25e-05,
    "funding_per_hour_usd": 751.153990965,
    "funding_per_day_usd": 18027.69578316,
    "funding_apr_for_whale_pct": 10.950000000000001
  },
  "biggest_loser": {
    "snap_t": 1780173588176,
    "coin": "HYPE",
    "direction": -1,
    "size_abs": 199129.81,
    "entry_px": 62.9481,
    "position_value": 13434292.63165,
    "margin_used": 2686858.52633,
    "unrealized_pnl": -899438.787573,
    "return_on_equity": -0.3587751396,
    "liq_px": "179.2363540176",
    "funding_rate_per_hour": 1.25e-05,
    "funding_per_hour_usd": 167.928657895625,
    "funding_per_day_usd": 4030.287789495,
    "funding_apr_for_whale_pct": 10.950000000000001
  },
  "worst_funding_drain": {
    "snap_t": 1780173588176,
    "coin": "ZEC",
    "direction": 1,
    "size_abs": 3718.95,
    "entry_px": 556.2092,
    "position_value": 1983055.7085,
    "margin_used": 198305.57085,
    "unrealized_pnl": -85458.647683,
    "return_on_equity": -0.4131402203,
    "liq_px": null,
    "funding_rate_per_hour": 1.25e-05,
    "funding_per_hour_usd": -24.78819635625,
    "funding_per_day_usd": -594.91671255,
    "funding_apr_for_whale_pct": -10.950000000000001
  },
  "best_funding_income": {
    "snap_t": 1780173588176,
    "coin": "ETH",
    "direction": -1,
    "size_abs": 29660.5722,
    "entry_px": 2154.87,
    "position_value": 60092319.2772,
    "margin_used": 4006154.61848,
    "unrealized_pnl": 3822557.40247,
    "return_on_equity": 0.8971050875,
    "liq_px": "2824.39349199",
    "funding_rate_per_hour": 1.25e-05,
    "funding_per_hour_usd": 751.153990965,
    "funding_per_day_usd": 18027.69578316,
    "funding_apr_for_whale_pct": 10.950000000000001
  }
}