{
  "snap_utc": "2026-05-27T18:36:03.325418+00:00",
  "snap_t_ms": 1779906962515,
  "account_value": 3106769.919538,
  "withdrawable": 0.0,
  "n_positions": 23,
  "n_long": 6,
  "n_short": 17,
  "total_unrealized_pnl": 8048022.006714001,
  "total_funding_per_day_usd": -2023.8725795749847,
  "n_positions_receiving_funding": 11,
  "n_positions_paying_funding": 12,
  "biggest_winner": {
    "snap_t": 1779906962515,
    "coin": "HYPE",
    "direction": 1,
    "size_abs": 78076.29,
    "entry_px": 27.1949,
    "position_value": 4619930.23188,
    "margin_used": 1539976.74396,
    "unrealized_pnl": 2496651.779774,
    "return_on_equity": 3.5275426696,
    "liq_px": null,
    "funding_rate_per_hour": 1.25e-05,
    "funding_per_hour_usd": -57.7491278985,
    "funding_per_day_usd": -1385.979069564,
    "funding_apr_for_whale_pct": -10.950000000000001
  },
  "biggest_loser": {
    "snap_t": 1779906962515,
    "coin": "AAVE",
    "direction": 1,
    "size_abs": 4741.74,
    "entry_px": 152.6925,
    "position_value": 400937.8257,
    "margin_used": 40093.78257,
    "unrealized_pnl": -323090.664497,
    "return_on_equity": -4.4624026385,
    "liq_px": null,
    "funding_rate_per_hour": -6.0131e-06,
    "funding_per_hour_usd": 2.41087923971667,
    "funding_per_day_usd": 57.86110175320008,
    "funding_apr_for_whale_pct": 5.2674756
  },
  "worst_funding_drain": {
    "snap_t": 1779906962515,
    "coin": "HYPE",
    "direction": 1,
    "size_abs": 78076.29,
    "entry_px": 27.1949,
    "position_value": 4619930.23188,
    "margin_used": 1539976.74396,
    "unrealized_pnl": 2496651.779774,
    "return_on_equity": 3.5275426696,
    "liq_px": null,
    "funding_rate_per_hour": 1.25e-05,
    "funding_per_hour_usd": -57.7491278985,
    "funding_per_day_usd": -1385.979069564,
    "funding_apr_for_whale_pct": -10.950000000000001
  },
  "best_funding_income": {
    "snap_t": 1779906962515,
    "coin": "ZEC",
    "direction": 1,
    "size_abs": 1063.82,
    "entry_px": 586.6789,
    "position_value": 584377.6024,
    "margin_used": 116875.52048,
    "unrealized_pnl": -39743.214995,
    "return_on_equity": -0.3183936017,
    "liq_px": null,
    "funding_rate_per_hour": -7.45953e-05,
    "funding_per_hour_usd": 43.591822564308714,
    "funding_per_day_usd": 1046.2037415434093,
    "funding_apr_for_whale_pct": 65.3454828
  }
}