{
  "snap_utc": "2026-05-30T17:52:03.123526+00:00",
  "snap_t_ms": 1780163522514,
  "account_value": 3779441.569401,
  "withdrawable": 47893.332536,
  "n_positions": 23,
  "n_long": 6,
  "n_short": 17,
  "total_unrealized_pnl": 8728411.029667001,
  "total_funding_per_day_usd": -1323.4150140586296,
  "n_positions_receiving_funding": 15,
  "n_positions_paying_funding": 8,
  "biggest_winner": {
    "snap_t": 1780163522514,
    "coin": "HYPE",
    "direction": 1,
    "size_abs": 78076.29,
    "entry_px": 27.1949,
    "position_value": 5266167.68421,
    "margin_used": 1755389.22807,
    "unrealized_pnl": 3142889.232104,
    "return_on_equity": 4.4406176152,
    "liq_px": null,
    "funding_rate_per_hour": 1.25e-05,
    "funding_per_hour_usd": -65.827096052625,
    "funding_per_day_usd": -1579.8503052629999,
    "funding_apr_for_whale_pct": -10.950000000000001
  },
  "biggest_loser": {
    "snap_t": 1780163522514,
    "coin": "AAVE",
    "direction": 1,
    "size_abs": 4741.74,
    "entry_px": 152.6925,
    "position_value": 394441.6419,
    "margin_used": 39444.16419,
    "unrealized_pnl": -329586.848297,
    "return_on_equity": -4.5521254033,
    "liq_px": null,
    "funding_rate_per_hour": 6.988e-07,
    "funding_per_hour_usd": -0.27563581935972,
    "funding_per_day_usd": -6.61525966463328,
    "funding_apr_for_whale_pct": -0.6121487999999999
  },
  "worst_funding_drain": {
    "snap_t": 1780163522514,
    "coin": "HYPE",
    "direction": 1,
    "size_abs": 78076.29,
    "entry_px": 27.1949,
    "position_value": 5266167.68421,
    "margin_used": 1755389.22807,
    "unrealized_pnl": 3142889.232104,
    "return_on_equity": 4.4406176152,
    "liq_px": null,
    "funding_rate_per_hour": 1.25e-05,
    "funding_per_hour_usd": -65.827096052625,
    "funding_per_day_usd": -1579.8503052629999,
    "funding_apr_for_whale_pct": -10.950000000000001
  },
  "best_funding_income": {
    "snap_t": 1780163522514,
    "coin": "ETH",
    "direction": -1,
    "size_abs": 472.5541,
    "entry_px": 2158.59,
    "position_value": 957394.6066,
    "margin_used": 38295.784264,
    "unrealized_pnl": 62657.411262,
    "return_on_equity": 1.5356425497,
    "liq_px": "30394.6583967494",
    "funding_rate_per_hour": 1.25e-05,
    "funding_per_hour_usd": 11.9674325825,
    "funding_per_day_usd": 287.21838198,
    "funding_apr_for_whale_pct": 10.950000000000001
  }
}