{
  "snap_utc": "2026-05-30T09:35:43.608400+00:00",
  "snap_t_ms": 1780133742563,
  "account_value": 3574920.874895,
  "withdrawable": 0.0,
  "n_positions": 23,
  "n_long": 6,
  "n_short": 17,
  "total_unrealized_pnl": 8523054.430521,
  "total_funding_per_day_usd": -477.08217437320013,
  "n_positions_receiving_funding": 14,
  "n_positions_paying_funding": 9,
  "biggest_winner": {
    "snap_t": 1780133742563,
    "coin": "HYPE",
    "direction": 1,
    "size_abs": 78076.29,
    "entry_px": 27.1949,
    "position_value": 5171539.22073,
    "margin_used": 1723846.40691,
    "unrealized_pnl": 3048260.768624,
    "return_on_equity": 4.3069161733,
    "liq_px": NaN,
    "funding_rate_per_hour": 1.25e-05,
    "funding_per_hour_usd": -64.644240259125,
    "funding_per_day_usd": -1551.4617662189999,
    "funding_apr_for_whale_pct": -10.950000000000001
  },
  "biggest_loser": {
    "snap_t": 1780133742563,
    "coin": "AAVE",
    "direction": 1,
    "size_abs": 4741.74,
    "entry_px": 152.6925,
    "position_value": 392597.10504,
    "margin_used": 39259.710504,
    "unrealized_pnl": -331431.385157,
    "return_on_equity": -4.5776014293,
    "liq_px": NaN,
    "funding_rate_per_hour": -7.4578e-06,
    "funding_per_hour_usd": 2.927910689967312,
    "funding_per_day_usd": 70.26985655921548,
    "funding_apr_for_whale_pct": 6.533032799999999
  },
  "worst_funding_drain": {
    "snap_t": 1780133742563,
    "coin": "HYPE",
    "direction": 1,
    "size_abs": 78076.29,
    "entry_px": 27.1949,
    "position_value": 5171539.22073,
    "margin_used": 1723846.40691,
    "unrealized_pnl": 3048260.768624,
    "return_on_equity": 4.3069161733,
    "liq_px": NaN,
    "funding_rate_per_hour": 1.25e-05,
    "funding_per_hour_usd": -64.644240259125,
    "funding_per_day_usd": -1551.4617662189999,
    "funding_apr_for_whale_pct": -10.950000000000001
  },
  "best_funding_income": {
    "snap_t": 1780133742563,
    "coin": "BTC",
    "direction": 1,
    "size_abs": 149.83883,
    "entry_px": 70834.4,
    "position_value": 11017049.81458,
    "margin_used": 275426.245364,
    "unrealized_pnl": 403304.078761,
    "return_on_equity": 1.5199311866,
    "liq_px": NaN,
    "funding_rate_per_hour": -5.4242e-06,
    "funding_per_hour_usd": 59.75868160424483,
    "funding_per_day_usd": 1434.2083585018759,
    "funding_apr_for_whale_pct": 4.751599199999999
  }
}