{
  "snap_utc": "2026-05-26T21:22:41.160643+00:00",
  "snap_t_ms": 1779830560197,
  "account_value": 3222776.185259,
  "withdrawable": 0.0,
  "n_positions": 23,
  "n_long": 6,
  "n_short": 17,
  "total_unrealized_pnl": 8165728.2947120005,
  "total_funding_per_day_usd": 3967.300556363611,
  "n_positions_receiving_funding": 11,
  "n_positions_paying_funding": 12,
  "biggest_winner": {
    "snap_t": 1779830560197,
    "coin": "HYPE",
    "direction": 1,
    "size_abs": 78076.29,
    "entry_px": 27.1949,
    "position_value": 4623990.19896,
    "margin_used": 1541330.06632,
    "unrealized_pnl": 2500711.746854,
    "return_on_equity": 3.5332790351,
    "liq_px": null,
    "funding_rate_per_hour": -2.7103e-05,
    "funding_per_hour_usd": 125.32400636241287,
    "funding_per_day_usd": 3007.776152697909,
    "funding_apr_for_whale_pct": 23.742228
  },
  "biggest_loser": {
    "snap_t": 1779830560197,
    "coin": "AAVE",
    "direction": 1,
    "size_abs": 4741.74,
    "entry_px": 152.6925,
    "position_value": 410018.2578,
    "margin_used": 41001.82578,
    "unrealized_pnl": -314010.232397,
    "return_on_equity": -4.3369872408,
    "liq_px": null,
    "funding_rate_per_hour": 1.25e-05,
    "funding_per_hour_usd": -5.1252282225000005,
    "funding_per_day_usd": -123.00547734000001,
    "funding_apr_for_whale_pct": -10.950000000000001
  },
  "worst_funding_drain": {
    "snap_t": 1779830560197,
    "coin": "TON",
    "direction": -1,
    "size_abs": 116097.7,
    "entry_px": 5.94226,
    "position_value": 227354.12591,
    "margin_used": 22735.412591,
    "unrealized_pnl": 462528.671601,
    "return_on_equity": 6.7044528907,
    "liq_px": "108.5497760211",
    "funding_rate_per_hour": -0.0002567242,
    "funding_per_hour_usd": -58.36730609094403,
    "funding_per_day_usd": -1400.8153461826566,
    "funding_apr_for_whale_pct": -224.89039920000002
  },
  "best_funding_income": {
    "snap_t": 1779830560197,
    "coin": "HYPE",
    "direction": 1,
    "size_abs": 78076.29,
    "entry_px": 27.1949,
    "position_value": 4623990.19896,
    "margin_used": 1541330.06632,
    "unrealized_pnl": 2500711.746854,
    "return_on_equity": 3.5332790351,
    "liq_px": null,
    "funding_rate_per_hour": -2.7103e-05,
    "funding_per_hour_usd": 125.32400636241287,
    "funding_per_day_usd": 3007.776152697909,
    "funding_apr_for_whale_pct": 23.742228
  }
}