{
  "snap_utc": "2026-05-29T00:17:07.048656+00:00",
  "snap_t_ms": 1780013826129,
  "account_value": 3276708.014878,
  "withdrawable": 0.0,
  "n_positions": 23,
  "n_long": 6,
  "n_short": 17,
  "total_unrealized_pnl": 8222530.708175999,
  "total_funding_per_day_usd": -4068.285276199777,
  "n_positions_receiving_funding": 10,
  "n_positions_paying_funding": 13,
  "biggest_winner": {
    "snap_t": 1780013826129,
    "coin": "HYPE",
    "direction": 1,
    "size_abs": 78076.29,
    "entry_px": 27.1949,
    "position_value": 4807079.09901,
    "margin_used": 1602359.69967,
    "unrealized_pnl": 2683800.646904,
    "return_on_equity": 3.7919670558,
    "liq_px": null,
    "funding_rate_per_hour": 1.25e-05,
    "funding_per_hour_usd": -60.088488737625006,
    "funding_per_day_usd": -1442.1237297030002,
    "funding_apr_for_whale_pct": -10.950000000000001
  },
  "biggest_loser": {
    "snap_t": 1780013826129,
    "coin": "AAVE",
    "direction": 1,
    "size_abs": 4741.74,
    "entry_px": 152.6925,
    "position_value": 384901.26102,
    "margin_used": 38490.126102,
    "unrealized_pnl": -339127.229177,
    "return_on_equity": -4.6838934347,
    "liq_px": null,
    "funding_rate_per_hour": 6.0932e-06,
    "funding_per_hour_usd": -2.345280363647064,
    "funding_per_day_usd": -56.286728727529535,
    "funding_apr_for_whale_pct": -5.3376432000000005
  },
  "worst_funding_drain": {
    "snap_t": 1780013826129,
    "coin": "BTC",
    "direction": 1,
    "size_abs": 149.83883,
    "entry_px": 70834.4,
    "position_value": 11051512.74548,
    "margin_used": 276287.818637,
    "unrealized_pnl": 437767.009661,
    "return_on_equity": 1.6498115578,
    "liq_px": null,
    "funding_rate_per_hour": 1.25e-05,
    "funding_per_hour_usd": -138.1439093185,
    "funding_per_day_usd": -3315.453823644,
    "funding_apr_for_whale_pct": -10.950000000000001
  },
  "best_funding_income": {
    "snap_t": 1780013826129,
    "coin": "NEAR",
    "direction": -1,
    "size_abs": 399140.0,
    "entry_px": 3.29351,
    "position_value": 967036.392,
    "margin_used": 96703.6392,
    "unrealized_pnl": 347538.763601,
    "return_on_equity": 2.6437344576,
    "liq_px": "33.8270406592",
    "funding_rate_per_hour": 1.25e-05,
    "funding_per_hour_usd": 12.0879549,
    "funding_per_day_usd": 290.1109176,
    "funding_apr_for_whale_pct": 10.950000000000001
  }
}