{
  "snap_utc": "2026-05-29T22:46:16.043086+00:00",
  "snap_t_ms": 1780094775256,
  "account_value": 3510066.55892,
  "withdrawable": 0.0,
  "n_positions": 23,
  "n_long": 6,
  "n_short": 17,
  "total_unrealized_pnl": 8457978.519096,
  "total_funding_per_day_usd": -161.26591325030478,
  "n_positions_receiving_funding": 14,
  "n_positions_paying_funding": 9,
  "biggest_winner": {
    "snap_t": 1780094775256,
    "coin": "HYPE",
    "direction": 1,
    "size_abs": 78076.29,
    "entry_px": 27.1949,
    "position_value": 5054737.09089,
    "margin_used": 1684912.36363,
    "unrealized_pnl": 2931458.638784,
    "return_on_equity": 4.1418853508,
    "liq_px": null,
    "funding_rate_per_hour": 1.25e-05,
    "funding_per_hour_usd": -63.184213636125,
    "funding_per_day_usd": -1516.421127267,
    "funding_apr_for_whale_pct": -10.950000000000001
  },
  "biggest_loser": {
    "snap_t": 1780094775256,
    "coin": "AAVE",
    "direction": 1,
    "size_abs": 4741.74,
    "entry_px": 152.6925,
    "position_value": 390501.25596,
    "margin_used": 39050.125596,
    "unrealized_pnl": -333527.234237,
    "return_on_equity": -4.6065484819,
    "liq_px": null,
    "funding_rate_per_hour": -1.66691e-05,
    "funding_per_hour_usd": 6.5093044857228355,
    "funding_per_day_usd": 156.22330765734804,
    "funding_apr_for_whale_pct": 14.602131599999998
  },
  "worst_funding_drain": {
    "snap_t": 1780094775256,
    "coin": "HYPE",
    "direction": 1,
    "size_abs": 78076.29,
    "entry_px": 27.1949,
    "position_value": 5054737.09089,
    "margin_used": 1684912.36363,
    "unrealized_pnl": 2931458.638784,
    "return_on_equity": 4.1418853508,
    "liq_px": null,
    "funding_rate_per_hour": 1.25e-05,
    "funding_per_hour_usd": -63.184213636125,
    "funding_per_day_usd": -1516.421127267,
    "funding_apr_for_whale_pct": -10.950000000000001
  },
  "best_funding_income": {
    "snap_t": 1780094775256,
    "coin": "BTC",
    "direction": 1,
    "size_abs": 149.83883,
    "entry_px": 70834.4,
    "position_value": 11008658.8401,
    "margin_used": 275216.471002,
    "unrealized_pnl": 394913.104281,
    "return_on_equity": 1.4883081397,
    "liq_px": null,
    "funding_rate_per_hour": -3.8271e-06,
    "funding_per_hour_usd": 42.13123824694671,
    "funding_per_day_usd": 1011.149717926721,
    "funding_apr_for_whale_pct": 3.3525396000000005
  }
}