{
  "snap_utc": "2026-05-28T21:24:24.560713+00:00",
  "snap_t_ms": 1780003463719,
  "account_value": 3247091.626653,
  "withdrawable": 0.0,
  "n_positions": 23,
  "n_long": 6,
  "n_short": 17,
  "total_unrealized_pnl": 8192363.921278,
  "total_funding_per_day_usd": -4375.259133618216,
  "n_positions_receiving_funding": 11,
  "n_positions_paying_funding": 12,
  "biggest_winner": {
    "snap_t": 1780003463719,
    "coin": "HYPE",
    "direction": 1,
    "size_abs": 78076.29,
    "entry_px": 27.1949,
    "position_value": 4789277.70489,
    "margin_used": 1596425.90163,
    "unrealized_pnl": 2665999.252784,
    "return_on_equity": 3.7668152994,
    "liq_px": null,
    "funding_rate_per_hour": 1.25e-05,
    "funding_per_hour_usd": -59.865971311125,
    "funding_per_day_usd": -1436.783311467,
    "funding_apr_for_whale_pct": -10.950000000000001
  },
  "biggest_loser": {
    "snap_t": 1780003463719,
    "coin": "AAVE",
    "direction": 1,
    "size_abs": 4741.74,
    "entry_px": 152.6925,
    "position_value": 386399.65086,
    "margin_used": 38639.965086,
    "unrealized_pnl": -337628.839337,
    "return_on_equity": -4.6631982568,
    "liq_px": null,
    "funding_rate_per_hour": 1.11437e-05,
    "funding_per_hour_usd": -4.305921789288582,
    "funding_per_day_usd": -103.34212294292595,
    "funding_apr_for_whale_pct": -9.7618812
  },
  "worst_funding_drain": {
    "snap_t": 1780003463719,
    "coin": "BTC",
    "direction": 1,
    "size_abs": 149.83883,
    "entry_px": 70834.4,
    "position_value": 11045369.35345,
    "margin_used": 276134.233836,
    "unrealized_pnl": 431623.617631,
    "return_on_equity": 1.6266589699,
    "liq_px": null,
    "funding_rate_per_hour": 1.25e-05,
    "funding_per_hour_usd": -138.067116918125,
    "funding_per_day_usd": -3313.610806035,
    "funding_apr_for_whale_pct": -10.950000000000001
  },
  "best_funding_income": {
    "snap_t": 1780003463719,
    "coin": "NEAR",
    "direction": -1,
    "size_abs": 399140.0,
    "entry_px": 3.29351,
    "position_value": 977174.548,
    "margin_used": 97717.4548,
    "unrealized_pnl": 337400.607601,
    "return_on_equity": 2.5666132983,
    "liq_px": "33.8046398197",
    "funding_rate_per_hour": 1.25e-05,
    "funding_per_hour_usd": 12.21468185,
    "funding_per_day_usd": 293.1523644,
    "funding_apr_for_whale_pct": 10.950000000000001
  }
}