{
  "snap_utc": "2026-05-28T08:28:31.236427+00:00",
  "snap_t_ms": 1779956910640,
  "account_value": 2894604.432033,
  "withdrawable": 0.0,
  "n_positions": 23,
  "n_long": 6,
  "n_short": 17,
  "total_unrealized_pnl": 7837265.998791,
  "total_funding_per_day_usd": -4224.871741950982,
  "n_positions_receiving_funding": 7,
  "n_positions_paying_funding": 16,
  "biggest_winner": {
    "snap_t": 1779956910640,
    "coin": "HYPE",
    "direction": 1,
    "size_abs": 78076.29,
    "entry_px": 27.1949,
    "position_value": 4460576.52399,
    "margin_used": 1486858.84133,
    "unrealized_pnl": 2337298.071884,
    "return_on_equity": 3.3023903241,
    "liq_px": null,
    "funding_rate_per_hour": 1.25e-05,
    "funding_per_hour_usd": -55.757206549875,
    "funding_per_day_usd": -1338.172957197,
    "funding_apr_for_whale_pct": -10.950000000000001
  },
  "biggest_loser": {
    "snap_t": 1779956910640,
    "coin": "AAVE",
    "direction": 1,
    "size_abs": 4741.74,
    "entry_px": 152.6925,
    "position_value": 382705.8354,
    "margin_used": 38270.58354,
    "unrealized_pnl": -341322.654797,
    "return_on_equity": -4.7142157998,
    "liq_px": null,
    "funding_rate_per_hour": 6.4919e-06,
    "funding_per_hour_usd": -2.4844880128332596,
    "funding_per_day_usd": -59.62771230799823,
    "funding_apr_for_whale_pct": -5.6869044
  },
  "worst_funding_drain": {
    "snap_t": 1779956910640,
    "coin": "HYPE",
    "direction": 1,
    "size_abs": 78076.29,
    "entry_px": 27.1949,
    "position_value": 4460576.52399,
    "margin_used": 1486858.84133,
    "unrealized_pnl": 2337298.071884,
    "return_on_equity": 3.3023903241,
    "liq_px": null,
    "funding_rate_per_hour": 1.25e-05,
    "funding_per_hour_usd": -55.757206549875,
    "funding_per_day_usd": -1338.172957197,
    "funding_apr_for_whale_pct": -10.950000000000001
  },
  "best_funding_income": {
    "snap_t": 1779956910640,
    "coin": "NEAR",
    "direction": -1,
    "size_abs": 399140.0,
    "entry_px": 3.29351,
    "position_value": 954822.708,
    "margin_used": 95482.2708,
    "unrealized_pnl": 359752.447601,
    "return_on_equity": 2.7366442007,
    "liq_px": "32.6260731971",
    "funding_rate_per_hour": 1.25e-05,
    "funding_per_hour_usd": 11.935283850000001,
    "funding_per_day_usd": 286.4468124,
    "funding_apr_for_whale_pct": 10.950000000000001
  }
}