{
  "snap_utc": "2026-05-27T08:45:47.531358+00:00",
  "snap_t_ms": 1779871547011,
  "account_value": 3449305.431814,
  "withdrawable": 0.0,
  "n_positions": 23,
  "n_long": 6,
  "n_short": 17,
  "total_unrealized_pnl": 8391317.370545002,
  "total_funding_per_day_usd": 3675.266706143328,
  "n_positions_receiving_funding": 18,
  "n_positions_paying_funding": 5,
  "biggest_winner": {
    "snap_t": 1779871547011,
    "coin": "HYPE",
    "direction": 1,
    "size_abs": 78076.29,
    "entry_px": 27.1949,
    "position_value": 4850333.36367,
    "margin_used": 1616777.78789,
    "unrealized_pnl": 2727054.911564,
    "return_on_equity": 3.8530814112,
    "liq_px": null,
    "funding_rate_per_hour": 4.0533e-06,
    "funding_per_hour_usd": -19.659856222963608,
    "funding_per_day_usd": -471.83654935112656,
    "funding_apr_for_whale_pct": -3.5506907999999995
  },
  "biggest_loser": {
    "snap_t": 1779871547011,
    "coin": "AAVE",
    "direction": 1,
    "size_abs": 4741.74,
    "entry_px": 152.6925,
    "position_value": 406092.09708,
    "margin_used": 40609.209708,
    "unrealized_pnl": -317936.393117,
    "return_on_equity": -4.3912138462,
    "liq_px": null,
    "funding_rate_per_hour": 1.25e-05,
    "funding_per_hour_usd": -5.0761512135,
    "funding_per_day_usd": -121.827629124,
    "funding_apr_for_whale_pct": -10.950000000000001
  },
  "worst_funding_drain": {
    "snap_t": 1779871547011,
    "coin": "HYPE",
    "direction": 1,
    "size_abs": 78076.29,
    "entry_px": 27.1949,
    "position_value": 4850333.36367,
    "margin_used": 1616777.78789,
    "unrealized_pnl": 2727054.911564,
    "return_on_equity": 3.8530814112,
    "liq_px": null,
    "funding_rate_per_hour": 4.0533e-06,
    "funding_per_hour_usd": -19.659856222963608,
    "funding_per_day_usd": -471.83654935112656,
    "funding_apr_for_whale_pct": -3.5506907999999995
  },
  "best_funding_income": {
    "snap_t": 1779871547011,
    "coin": "BTC",
    "direction": 1,
    "size_abs": 149.83883,
    "entry_px": 70834.4,
    "position_value": 11376812.84541,
    "margin_used": 284420.321135,
    "unrealized_pnl": 763067.109591,
    "return_on_equity": 2.8757693225,
    "liq_px": null,
    "funding_rate_per_hour": -9.4446e-06,
    "funding_per_hour_usd": 107.44944659975928,
    "funding_per_day_usd": 2578.7867183942226,
    "funding_apr_for_whale_pct": 8.273469599999999
  }
}