{
  "snap_utc": "2026-05-27T20:56:55.135669+00:00",
  "snap_t_ms": 1779915414363,
  "account_value": 3207238.299231,
  "withdrawable": 0.0,
  "n_positions": 23,
  "n_long": 6,
  "n_short": 17,
  "total_unrealized_pnl": 8148666.359526001,
  "total_funding_per_day_usd": -1525.170203001107,
  "n_positions_receiving_funding": 14,
  "n_positions_paying_funding": 9,
  "biggest_winner": {
    "snap_t": 1779915414363,
    "coin": "HYPE",
    "direction": 1,
    "size_abs": 78076.29,
    "entry_px": 27.1949,
    "position_value": 4709717.96538,
    "margin_used": 1569905.98846,
    "unrealized_pnl": 2586439.513274,
    "return_on_equity": 3.6544045988,
    "liq_px": null,
    "funding_rate_per_hour": 1.25e-05,
    "funding_per_hour_usd": -58.871474567250004,
    "funding_per_day_usd": -1412.915389614,
    "funding_apr_for_whale_pct": -10.950000000000001
  },
  "biggest_loser": {
    "snap_t": 1779915414363,
    "coin": "AAVE",
    "direction": 1,
    "size_abs": 4741.74,
    "entry_px": 152.6925,
    "position_value": 403825.54536,
    "margin_used": 40382.554536,
    "unrealized_pnl": -320202.944837,
    "return_on_equity": -4.4225185773,
    "liq_px": null,
    "funding_rate_per_hour": 9.9695e-06,
    "funding_per_hour_usd": -4.02593877446652,
    "funding_per_day_usd": -96.62253058719648,
    "funding_apr_for_whale_pct": -8.733282
  },
  "worst_funding_drain": {
    "snap_t": 1779915414363,
    "coin": "HYPE",
    "direction": 1,
    "size_abs": 78076.29,
    "entry_px": 27.1949,
    "position_value": 4709717.96538,
    "margin_used": 1569905.98846,
    "unrealized_pnl": 2586439.513274,
    "return_on_equity": 3.6544045988,
    "liq_px": null,
    "funding_rate_per_hour": 1.25e-05,
    "funding_per_hour_usd": -58.871474567250004,
    "funding_per_day_usd": -1412.915389614,
    "funding_apr_for_whale_pct": -10.950000000000001
  },
  "best_funding_income": {
    "snap_t": 1779915414363,
    "coin": "NEAR",
    "direction": -1,
    "size_abs": 399140.0,
    "entry_px": 3.29351,
    "position_value": 1048740.35,
    "margin_used": 104874.035,
    "unrealized_pnl": 265834.805601,
    "return_on_equity": 2.022210784,
    "liq_px": "33.6672904404",
    "funding_rate_per_hour": 1.25e-05,
    "funding_per_hour_usd": 13.109254375000003,
    "funding_per_day_usd": 314.62210500000003,
    "funding_apr_for_whale_pct": 10.950000000000001
  }
}