{
  "snap_utc": "2026-05-30T19:38:51.174803+00:00",
  "snap_t_ms": 1780169930081,
  "account_value": 3824846.317426,
  "withdrawable": 74303.275445,
  "n_positions": 23,
  "n_long": 6,
  "n_short": 17,
  "total_unrealized_pnl": 8773971.597635001,
  "total_funding_per_day_usd": 477.8358159326003,
  "n_positions_receiving_funding": 15,
  "n_positions_paying_funding": 8,
  "biggest_winner": {
    "snap_t": 1780169930081,
    "coin": "HYPE",
    "direction": 1,
    "size_abs": 78076.29,
    "entry_px": 27.1949,
    "position_value": 5317932.26448,
    "margin_used": 1772644.08816,
    "unrealized_pnl": 3194653.812374,
    "return_on_equity": 4.5137562752,
    "liq_px": null,
    "funding_rate_per_hour": -5.4456e-06,
    "funding_per_hour_usd": 28.95933193945229,
    "funding_per_day_usd": 695.023966546855,
    "funding_apr_for_whale_pct": 4.7703456
  },
  "biggest_loser": {
    "snap_t": 1780169930081,
    "coin": "AAVE",
    "direction": 1,
    "size_abs": 4741.74,
    "entry_px": 152.6925,
    "position_value": 394446.38364,
    "margin_used": 39444.638364,
    "unrealized_pnl": -329582.106557,
    "return_on_equity": -4.5520599123,
    "liq_px": null,
    "funding_rate_per_hour": -3.764e-07,
    "funding_per_hour_usd": 0.148469618802096,
    "funding_per_day_usd": 3.563270851250304,
    "funding_apr_for_whale_pct": 0.32972640000000003
  },
  "worst_funding_drain": {
    "snap_t": 1780169930081,
    "coin": "BTC",
    "direction": 1,
    "size_abs": 149.83883,
    "entry_px": 70834.4,
    "position_value": 11087024.54819,
    "margin_used": 277175.613704,
    "unrealized_pnl": 473278.812371,
    "return_on_equity": 1.7836448099,
    "liq_px": null,
    "funding_rate_per_hour": 1.9452e-06,
    "funding_per_hour_usd": -21.56648015113919,
    "funding_per_day_usd": -517.5955236273405,
    "funding_apr_for_whale_pct": -1.7039952
  },
  "best_funding_income": {
    "snap_t": 1780169930081,
    "coin": "HYPE",
    "direction": 1,
    "size_abs": 78076.29,
    "entry_px": 27.1949,
    "position_value": 5317932.26448,
    "margin_used": 1772644.08816,
    "unrealized_pnl": 3194653.812374,
    "return_on_equity": 4.5137562752,
    "liq_px": null,
    "funding_rate_per_hour": -5.4456e-06,
    "funding_per_hour_usd": 28.95933193945229,
    "funding_per_day_usd": 695.023966546855,
    "funding_apr_for_whale_pct": 4.7703456
  }
}