{
  "snap_utc": "2026-05-30T21:44:41.237897+00:00",
  "snap_t_ms": 1780177480556,
  "account_value": 3773855.031403,
  "withdrawable": 33896.225169,
  "n_positions": 23,
  "n_long": 6,
  "n_short": 17,
  "total_unrealized_pnl": 8723036.926979,
  "total_funding_per_day_usd": -3363.0915360740064,
  "n_positions_receiving_funding": 13,
  "n_positions_paying_funding": 10,
  "biggest_winner": {
    "snap_t": 1780177480556,
    "coin": "HYPE",
    "direction": 1,
    "size_abs": 78076.29,
    "entry_px": 27.1949,
    "position_value": 5280533.72157,
    "margin_used": 1760177.90719,
    "unrealized_pnl": 3157255.269464,
    "return_on_equity": 4.4609155238,
    "liq_px": null,
    "funding_rate_per_hour": 1.25e-05,
    "funding_per_hour_usd": -66.006671519625,
    "funding_per_day_usd": -1584.160116471,
    "funding_apr_for_whale_pct": -10.950000000000001
  },
  "biggest_loser": {
    "snap_t": 1780177480556,
    "coin": "AAVE",
    "direction": 1,
    "size_abs": 4741.74,
    "entry_px": 152.6925,
    "position_value": 395631.81864,
    "margin_used": 39563.181864,
    "unrealized_pnl": -328396.671557,
    "return_on_equity": -4.535687145,
    "liq_px": null,
    "funding_rate_per_hour": 1.25e-05,
    "funding_per_hour_usd": -4.945397733,
    "funding_per_day_usd": -118.689545592,
    "funding_apr_for_whale_pct": -10.950000000000001
  },
  "worst_funding_drain": {
    "snap_t": 1780177480556,
    "coin": "BTC",
    "direction": 1,
    "size_abs": 149.83883,
    "entry_px": 70834.4,
    "position_value": 11084926.80457,
    "margin_used": 277123.170114,
    "unrealized_pnl": 471181.068751,
    "return_on_equity": 1.7757390481,
    "liq_px": null,
    "funding_rate_per_hour": 8.339e-06,
    "funding_per_hour_usd": -92.43720462330923,
    "funding_per_day_usd": -2218.4929109594214,
    "funding_apr_for_whale_pct": -7.304964
  },
  "best_funding_income": {
    "snap_t": 1780177480556,
    "coin": "ETH",
    "direction": -1,
    "size_abs": 472.5541,
    "entry_px": 2158.59,
    "position_value": 959143.05677,
    "margin_used": 38365.72227,
    "unrealized_pnl": 60908.961092,
    "return_on_equity": 1.4927905642,
    "liq_px": "30400.4492163821",
    "funding_rate_per_hour": 1.25e-05,
    "funding_per_hour_usd": 11.989288209625,
    "funding_per_day_usd": 287.742917031,
    "funding_apr_for_whale_pct": 10.950000000000001
  }
}