{
  "snap_utc": "2026-05-30T07:22:12.585444+00:00",
  "snap_t_ms": 1780125731637,
  "account_value": 3564786.789573,
  "withdrawable": 0.0,
  "n_positions": 23,
  "n_long": 6,
  "n_short": 17,
  "total_unrealized_pnl": 8512677.354078,
  "total_funding_per_day_usd": -2287.456115646244,
  "n_positions_receiving_funding": 14,
  "n_positions_paying_funding": 9,
  "biggest_winner": {
    "snap_t": 1780125731637,
    "coin": "HYPE",
    "direction": 1,
    "size_abs": 78076.29,
    "entry_px": 27.1949,
    "position_value": 5147569.7997,
    "margin_used": 1715856.5999,
    "unrealized_pnl": 3024291.347594,
    "return_on_equity": 4.273049554,
    "liq_px": null,
    "funding_rate_per_hour": 1.25e-05,
    "funding_per_hour_usd": -64.34462249625001,
    "funding_per_day_usd": -1544.2709399100004,
    "funding_apr_for_whale_pct": -10.950000000000001
  },
  "biggest_loser": {
    "snap_t": 1780125731637,
    "coin": "AAVE",
    "direction": 1,
    "size_abs": 4741.74,
    "entry_px": 152.6925,
    "position_value": 391046.55606,
    "margin_used": 39104.655606,
    "unrealized_pnl": -332981.934137,
    "return_on_equity": -4.5990170089,
    "liq_px": null,
    "funding_rate_per_hour": -1.8501e-05,
    "funding_per_hour_usd": 7.23475233366606,
    "funding_per_day_usd": 173.63405600798546,
    "funding_apr_for_whale_pct": 16.206876
  },
  "worst_funding_drain": {
    "snap_t": 1780125731637,
    "coin": "HYPE",
    "direction": 1,
    "size_abs": 78076.29,
    "entry_px": 27.1949,
    "position_value": 5147569.7997,
    "margin_used": 1715856.5999,
    "unrealized_pnl": 3024291.347594,
    "return_on_equity": 4.273049554,
    "liq_px": null,
    "funding_rate_per_hour": 1.25e-05,
    "funding_per_hour_usd": -64.34462249625001,
    "funding_per_day_usd": -1544.2709399100004,
    "funding_apr_for_whale_pct": -10.950000000000001
  },
  "best_funding_income": {
    "snap_t": 1780125731637,
    "coin": "NEAR",
    "direction": -1,
    "size_abs": 399140.0,
    "entry_px": 3.29351,
    "position_value": 951469.932,
    "margin_used": 95146.9932,
    "unrealized_pnl": 363105.223601,
    "return_on_equity": 2.7621488361,
    "liq_px": "34.5704122084",
    "funding_rate_per_hour": 1.25e-05,
    "funding_per_hour_usd": 11.893374150000001,
    "funding_per_day_usd": 285.44097960000005,
    "funding_apr_for_whale_pct": 10.950000000000001
  }
}