{
  "snap_utc": "2026-05-30T15:39:30.273880+00:00",
  "snap_t_ms": 1780155569730,
  "account_value": 3760243.265099,
  "withdrawable": 29821.349435,
  "n_positions": 23,
  "n_long": 6,
  "n_short": 17,
  "total_unrealized_pnl": 8709234.649707,
  "total_funding_per_day_usd": -2471.987470046011,
  "n_positions_receiving_funding": 13,
  "n_positions_paying_funding": 10,
  "biggest_winner": {
    "snap_t": 1780155569730,
    "coin": "HYPE",
    "direction": 1,
    "size_abs": 78076.29,
    "entry_px": 27.1949,
    "position_value": 5277176.4411,
    "margin_used": 1759058.8137,
    "unrealized_pnl": 3153897.988994,
    "return_on_equity": 4.4561719908,
    "liq_px": null,
    "funding_rate_per_hour": 1.25e-05,
    "funding_per_hour_usd": -65.96470551375,
    "funding_per_day_usd": -1583.15293233,
    "funding_apr_for_whale_pct": -10.950000000000001
  },
  "biggest_loser": {
    "snap_t": 1780155569730,
    "coin": "AAVE",
    "direction": 1,
    "size_abs": 4741.74,
    "entry_px": 152.6925,
    "position_value": 393583.38696,
    "margin_used": 39358.338696,
    "unrealized_pnl": -330445.103237,
    "return_on_equity": -4.5639792869,
    "liq_px": null,
    "funding_rate_per_hour": -2.137e-06,
    "funding_per_hour_usd": 0.84108769793352,
    "funding_per_day_usd": 20.186104750404482,
    "funding_apr_for_whale_pct": 1.872012
  },
  "worst_funding_drain": {
    "snap_t": 1780155569730,
    "coin": "HYPE",
    "direction": 1,
    "size_abs": 78076.29,
    "entry_px": 27.1949,
    "position_value": 5277176.4411,
    "margin_used": 1759058.8137,
    "unrealized_pnl": 3153897.988994,
    "return_on_equity": 4.4561719908,
    "liq_px": null,
    "funding_rate_per_hour": 1.25e-05,
    "funding_per_hour_usd": -65.96470551375,
    "funding_per_day_usd": -1583.15293233,
    "funding_apr_for_whale_pct": -10.950000000000001
  },
  "best_funding_income": {
    "snap_t": 1780155569730,
    "coin": "ETH",
    "direction": -1,
    "size_abs": 472.5541,
    "entry_px": 2158.59,
    "position_value": 957016.56332,
    "margin_used": 38280.662532,
    "unrealized_pnl": 63035.454542,
    "return_on_equity": 1.5449078439,
    "liq_px": "30401.1659100109",
    "funding_rate_per_hour": 1.25e-05,
    "funding_per_hour_usd": 11.9627070415,
    "funding_per_day_usd": 287.104968996,
    "funding_apr_for_whale_pct": 10.950000000000001
  }
}