{
  "snap_utc": "2026-05-30T17:52:03.689554+00:00",
  "snap_t_ms": 1780163523193,
  "account_value": 26359348.220734,
  "withdrawable": 11061076.817304,
  "n_positions": 28,
  "n_long": 7,
  "n_short": 21,
  "total_unrealized_pnl": 8679377.330610998,
  "total_funding_per_day_usd": 36330.84396226525,
  "n_positions_receiving_funding": 20,
  "n_positions_paying_funding": 8,
  "biggest_winner": {
    "snap_t": 1780163523193,
    "coin": "ETH",
    "direction": -1,
    "size_abs": 29642.9579,
    "entry_px": 2154.99,
    "position_value": 60056632.7054,
    "margin_used": 4003775.513693,
    "unrealized_pnl": 3823748.1946,
    "return_on_equity": 0.897869144,
    "liq_px": "2753.9057879617",
    "funding_rate_per_hour": 1.25e-05,
    "funding_per_hour_usd": 750.7079088175,
    "funding_per_day_usd": 18016.98981162,
    "funding_apr_for_whale_pct": 10.950000000000001
  },
  "biggest_loser": {
    "snap_t": 1780163523193,
    "coin": "HYPE",
    "direction": -1,
    "size_abs": 199129.81,
    "entry_px": 62.9481,
    "position_value": 13431106.55469,
    "margin_used": 2686221.310938,
    "unrealized_pnl": -896252.710613,
    "return_on_equity": -0.3575042524,
    "liq_px": "169.4257453225",
    "funding_rate_per_hour": 1.25e-05,
    "funding_per_hour_usd": 167.888831933625,
    "funding_per_day_usd": 4029.331966407,
    "funding_apr_for_whale_pct": 10.950000000000001
  },
  "worst_funding_drain": {
    "snap_t": 1780163523193,
    "coin": "ZEC",
    "direction": 1,
    "size_abs": 4011.32,
    "entry_px": 556.2092,
    "position_value": 2150749.4444,
    "margin_used": 215074.94444,
    "unrealized_pnl": -80383.807683,
    "return_on_equity": -0.3602824153,
    "liq_px": null,
    "funding_rate_per_hour": 1.25e-05,
    "funding_per_hour_usd": -26.884368055,
    "funding_per_day_usd": -645.22483332,
    "funding_apr_for_whale_pct": -10.950000000000001
  },
  "best_funding_income": {
    "snap_t": 1780163523193,
    "coin": "ETH",
    "direction": -1,
    "size_abs": 29642.9579,
    "entry_px": 2154.99,
    "position_value": 60056632.7054,
    "margin_used": 4003775.513693,
    "unrealized_pnl": 3823748.1946,
    "return_on_equity": 0.897869144,
    "liq_px": "2753.9057879617",
    "funding_rate_per_hour": 1.25e-05,
    "funding_per_hour_usd": 750.7079088175,
    "funding_per_day_usd": 18016.98981162,
    "funding_apr_for_whale_pct": 10.950000000000001
  }
}