{
  "snap_utc": "2026-05-28T12:00:07.593908+00:00",
  "snap_t_ms": 1779969606968,
  "account_value": 2927069.376841,
  "withdrawable": 0.0,
  "n_positions": 23,
  "n_long": 6,
  "n_short": 17,
  "total_unrealized_pnl": 7870615.682625,
  "total_funding_per_day_usd": -5124.411015053445,
  "n_positions_receiving_funding": 8,
  "n_positions_paying_funding": 15,
  "biggest_winner": {
    "snap_t": 1779969606968,
    "coin": "HYPE",
    "direction": 1,
    "size_abs": 78076.29,
    "entry_px": 27.1949,
    "position_value": 4453471.5816,
    "margin_used": 1484490.5272,
    "unrealized_pnl": 2330193.129494,
    "return_on_equity": 3.2923516845,
    "liq_px": null,
    "funding_rate_per_hour": 1.25e-05,
    "funding_per_hour_usd": -55.668394770000006,
    "funding_per_day_usd": -1336.04147448,
    "funding_apr_for_whale_pct": -10.950000000000001
  },
  "biggest_loser": {
    "snap_t": 1779969606968,
    "coin": "AAVE",
    "direction": 1,
    "size_abs": 4741.74,
    "entry_px": 152.6925,
    "position_value": 381079.41858,
    "margin_used": 38107.941858,
    "unrealized_pnl": -342949.071617,
    "return_on_equity": -4.7366792365,
    "liq_px": null,
    "funding_rate_per_hour": 1.25e-05,
    "funding_per_hour_usd": -4.7634927322500005,
    "funding_per_day_usd": -114.32382557400001,
    "funding_apr_for_whale_pct": -10.950000000000001
  },
  "worst_funding_drain": {
    "snap_t": 1779969606968,
    "coin": "BTC",
    "direction": 1,
    "size_abs": 149.83883,
    "entry_px": 70834.4,
    "position_value": 11008958.51776,
    "margin_used": 275223.962944,
    "unrealized_pnl": 395212.781941,
    "return_on_equity": 1.4894375342,
    "liq_px": null,
    "funding_rate_per_hour": 8.0827e-06,
    "funding_per_hour_usd": -88.98210901149875,
    "funding_per_day_usd": -2135.5706162759698,
    "funding_apr_for_whale_pct": -7.080445200000001
  },
  "best_funding_income": {
    "snap_t": 1779969606968,
    "coin": "NEAR",
    "direction": -1,
    "size_abs": 399140.0,
    "entry_px": 3.29351,
    "position_value": 952627.438,
    "margin_used": 95262.7438,
    "unrealized_pnl": 361947.717601,
    "return_on_equity": 2.7533436644,
    "liq_px": "32.6614125002",
    "funding_rate_per_hour": 1.25e-05,
    "funding_per_hour_usd": 11.907842975,
    "funding_per_day_usd": 285.7882314,
    "funding_apr_for_whale_pct": 10.950000000000001
  }
}