{
  "snap_utc": "2026-05-27T23:51:40.773035+00:00",
  "snap_t_ms": 1779925900068,
  "account_value": 2989226.943468,
  "withdrawable": 0.0,
  "n_positions": 23,
  "n_long": 6,
  "n_short": 17,
  "total_unrealized_pnl": 7930964.284384,
  "total_funding_per_day_usd": -3638.39090636653,
  "n_positions_receiving_funding": 10,
  "n_positions_paying_funding": 13,
  "biggest_winner": {
    "snap_t": 1779925900068,
    "coin": "HYPE",
    "direction": 1,
    "size_abs": 78076.29,
    "entry_px": 27.1949,
    "position_value": 4499692.74528,
    "margin_used": 1499897.58176,
    "unrealized_pnl": 2376414.293174,
    "return_on_equity": 3.3576579993,
    "liq_px": null,
    "funding_rate_per_hour": -8.2454e-06,
    "funding_per_hour_usd": 37.10176656193172,
    "funding_per_day_usd": 890.4423974863612,
    "funding_apr_for_whale_pct": 7.2229704
  },
  "biggest_loser": {
    "snap_t": 1779925900068,
    "coin": "AAVE",
    "direction": 1,
    "size_abs": 4741.74,
    "entry_px": 152.6925,
    "position_value": 394583.8941,
    "margin_used": 39458.38941,
    "unrealized_pnl": -329444.596097,
    "return_on_equity": -4.5501606713,
    "liq_px": null,
    "funding_rate_per_hour": 7.3791e-06,
    "funding_per_hour_usd": -2.91167401295331,
    "funding_per_day_usd": -69.88017631087945,
    "funding_apr_for_whale_pct": -6.464091600000001
  },
  "worst_funding_drain": {
    "snap_t": 1779925900068,
    "coin": "BTC",
    "direction": 1,
    "size_abs": 149.83883,
    "entry_px": 70834.4,
    "position_value": 11140816.68816,
    "margin_used": 278520.417204,
    "unrealized_pnl": 527070.952341,
    "return_on_equity": 1.9863711284,
    "liq_px": null,
    "funding_rate_per_hour": 1.25e-05,
    "funding_per_hour_usd": -139.260208602,
    "funding_per_day_usd": -3342.245006448,
    "funding_apr_for_whale_pct": -10.950000000000001
  },
  "best_funding_income": {
    "snap_t": 1779925900068,
    "coin": "HYPE",
    "direction": 1,
    "size_abs": 78076.29,
    "entry_px": 27.1949,
    "position_value": 4499692.74528,
    "margin_used": 1499897.58176,
    "unrealized_pnl": 2376414.293174,
    "return_on_equity": 3.3576579993,
    "liq_px": null,
    "funding_rate_per_hour": -8.2454e-06,
    "funding_per_hour_usd": 37.10176656193172,
    "funding_per_day_usd": 890.4423974863612,
    "funding_apr_for_whale_pct": 7.2229704
  }
}