{
  "snap_utc": "2026-05-29T21:18:15.732875+00:00",
  "snap_t_ms": 1780089494887,
  "account_value": 3553754.932557,
  "withdrawable": 0.0,
  "n_positions": 23,
  "n_long": 6,
  "n_short": 17,
  "total_unrealized_pnl": 8501661.262827,
  "total_funding_per_day_usd": -3451.89782586374,
  "n_positions_receiving_funding": 12,
  "n_positions_paying_funding": 11,
  "biggest_winner": {
    "snap_t": 1780089494887,
    "coin": "HYPE",
    "direction": 1,
    "size_abs": 78076.29,
    "entry_px": 27.1949,
    "position_value": 5103769.00101,
    "margin_used": 1701256.33367,
    "unrealized_pnl": 2980490.548904,
    "return_on_equity": 4.2111629955,
    "liq_px": null,
    "funding_rate_per_hour": 2.0955e-06,
    "funding_per_hour_usd": -10.694947941616455,
    "funding_per_day_usd": -256.6787505987949,
    "funding_apr_for_whale_pct": -1.835658
  },
  "biggest_loser": {
    "snap_t": 1780089494887,
    "coin": "AAVE",
    "direction": 1,
    "size_abs": 4741.74,
    "entry_px": 152.6925,
    "position_value": 392791.51638,
    "margin_used": 39279.151638,
    "unrealized_pnl": -331236.973817,
    "return_on_equity": -4.5749162954,
    "liq_px": null,
    "funding_rate_per_hour": 5.7367e-06,
    "funding_per_hour_usd": -2.253327092017146,
    "funding_per_day_usd": -54.0798502084115,
    "funding_apr_for_whale_pct": -5.0253492
  },
  "worst_funding_drain": {
    "snap_t": 1780089494887,
    "coin": "BTC",
    "direction": 1,
    "size_abs": 149.83883,
    "entry_px": 70834.4,
    "position_value": 11048815.64654,
    "margin_used": 276220.391163,
    "unrealized_pnl": 435069.910721,
    "return_on_equity": 1.639647007,
    "liq_px": null,
    "funding_rate_per_hour": 1.25e-05,
    "funding_per_hour_usd": -138.11019558175,
    "funding_per_day_usd": -3314.644693962,
    "funding_apr_for_whale_pct": -10.950000000000001
  },
  "best_funding_income": {
    "snap_t": 1780089494887,
    "coin": "ETH",
    "direction": -1,
    "size_abs": 472.5541,
    "entry_px": 2158.59,
    "position_value": 954512.02659,
    "margin_used": 38180.481063,
    "unrealized_pnl": 65539.991272,
    "return_on_equity": 1.6062904177,
    "liq_px": "29926.5153083333",
    "funding_rate_per_hour": 1.25e-05,
    "funding_per_hour_usd": 11.931400332375,
    "funding_per_day_usd": 286.353607977,
    "funding_apr_for_whale_pct": 10.950000000000001
  }
}