{
  "snap_utc": "2026-05-29T08:49:15.463370+00:00",
  "snap_t_ms": 1780044554446,
  "account_value": 3342882.21025,
  "withdrawable": 0.0,
  "n_positions": 23,
  "n_long": 6,
  "n_short": 17,
  "total_unrealized_pnl": 8289783.752070001,
  "total_funding_per_day_usd": -2906.5340641832136,
  "n_positions_receiving_funding": 16,
  "n_positions_paying_funding": 7,
  "biggest_winner": {
    "snap_t": 1780044554446,
    "coin": "HYPE",
    "direction": 1,
    "size_abs": 78076.29,
    "entry_px": 27.1949,
    "position_value": 4894290.31494,
    "margin_used": 1631430.10498,
    "unrealized_pnl": 2771011.862834,
    "return_on_equity": 3.9151885991,
    "liq_px": null,
    "funding_rate_per_hour": 1.25e-05,
    "funding_per_hour_usd": -61.17862893675,
    "funding_per_day_usd": -1468.2870944820002,
    "funding_apr_for_whale_pct": -10.950000000000001
  },
  "biggest_loser": {
    "snap_t": 1780044554446,
    "coin": "AAVE",
    "direction": 1,
    "size_abs": 4741.74,
    "entry_px": 152.6925,
    "position_value": 386081.95428,
    "margin_used": 38608.195428,
    "unrealized_pnl": -337946.535917,
    "return_on_equity": -4.6675861585,
    "liq_px": null,
    "funding_rate_per_hour": 4.542e-07,
    "funding_per_hour_usd": -0.175358423633976,
    "funding_per_day_usd": -4.208602167215424,
    "funding_apr_for_whale_pct": -0.39787919999999993
  },
  "worst_funding_drain": {
    "snap_t": 1780044554446,
    "coin": "BTC",
    "direction": 1,
    "size_abs": 149.83883,
    "entry_px": 70834.4,
    "position_value": 11045069.67579,
    "margin_used": 276126.741894,
    "unrealized_pnl": 431323.939971,
    "return_on_equity": 1.6255295754,
    "liq_px": null,
    "funding_rate_per_hour": 1.00254e-05,
    "funding_per_hour_usd": -110.73124152766508,
    "funding_per_day_usd": -2657.549796663962,
    "funding_apr_for_whale_pct": -8.7822504
  },
  "best_funding_income": {
    "snap_t": 1780044554446,
    "coin": "NEAR",
    "direction": -1,
    "size_abs": 399140.0,
    "entry_px": 3.29351,
    "position_value": 990705.394,
    "margin_used": 99070.5394,
    "unrealized_pnl": 323869.761601,
    "return_on_equity": 2.463683877,
    "liq_px": "34.042093888",
    "funding_rate_per_hour": 1.25e-05,
    "funding_per_hour_usd": 12.383817425,
    "funding_per_day_usd": 297.2116182,
    "funding_apr_for_whale_pct": 10.950000000000001
  }
}