{
  "snap_utc": "2026-05-27T00:16:09.007398+00:00",
  "snap_t_ms": 1779840968425,
  "account_value": 3280225.510195,
  "withdrawable": 0.0,
  "n_positions": 23,
  "n_long": 6,
  "n_short": 17,
  "total_unrealized_pnl": 8222989.161863,
  "total_funding_per_day_usd": -1229.1062816827937,
  "n_positions_receiving_funding": 13,
  "n_positions_paying_funding": 10,
  "biggest_winner": {
    "snap_t": 1779840968425,
    "coin": "HYPE",
    "direction": 1,
    "size_abs": 78076.29,
    "entry_px": 27.1949,
    "position_value": 4684108.94226,
    "margin_used": 1561369.64742,
    "unrealized_pnl": 2560830.490154,
    "return_on_equity": 3.6182213703,
    "liq_px": null,
    "funding_rate_per_hour": 1.25e-05,
    "funding_per_hour_usd": -58.551361778250005,
    "funding_per_day_usd": -1405.2326826780002,
    "funding_apr_for_whale_pct": -10.950000000000001
  },
  "biggest_loser": {
    "snap_t": 1779840968425,
    "coin": "AAVE",
    "direction": 1,
    "size_abs": 4741.74,
    "entry_px": 152.6925,
    "position_value": 406898.19288,
    "margin_used": 40689.819288,
    "unrealized_pnl": -317130.297317,
    "return_on_equity": -4.3800803644,
    "liq_px": null,
    "funding_rate_per_hour": 1.25e-05,
    "funding_per_hour_usd": -5.086227411,
    "funding_per_day_usd": -122.06945786400001,
    "funding_apr_for_whale_pct": -10.950000000000001
  },
  "worst_funding_drain": {
    "snap_t": 1779840968425,
    "coin": "HYPE",
    "direction": 1,
    "size_abs": 78076.29,
    "entry_px": 27.1949,
    "position_value": 4684108.94226,
    "margin_used": 1561369.64742,
    "unrealized_pnl": 2560830.490154,
    "return_on_equity": 3.6182213703,
    "liq_px": null,
    "funding_rate_per_hour": 1.25e-05,
    "funding_per_hour_usd": -58.551361778250005,
    "funding_per_day_usd": -1405.2326826780002,
    "funding_apr_for_whale_pct": -10.950000000000001
  },
  "best_funding_income": {
    "snap_t": 1779840968425,
    "coin": "ZEC",
    "direction": 1,
    "size_abs": 1063.82,
    "entry_px": 586.6789,
    "position_value": 606600.8022,
    "margin_used": 121320.16044,
    "unrealized_pnl": -17520.015195,
    "return_on_equity": -0.1403575614,
    "liq_px": null,
    "funding_rate_per_hour": -4.57707e-05,
    "funding_per_hour_usd": 27.764543337255542,
    "funding_per_day_usd": 666.349040094133,
    "funding_apr_for_whale_pct": 40.09513319999999
  }
}