{
  "snap_utc": "2026-05-30T16:46:01.026840+00:00",
  "snap_t_ms": 1780159560462,
  "account_value": 26666850.974351,
  "withdrawable": 11388831.328582,
  "n_positions": 28,
  "n_long": 7,
  "n_short": 21,
  "total_unrealized_pnl": 8977876.310215998,
  "total_funding_per_day_usd": 22667.176348899808,
  "n_positions_receiving_funding": 16,
  "n_positions_paying_funding": 12,
  "biggest_winner": {
    "snap_t": 1780159560462,
    "coin": "ETH",
    "direction": -1,
    "size_abs": 29642.9579,
    "entry_px": 2154.99,
    "position_value": 60044775.52224,
    "margin_used": 4002985.034816,
    "unrealized_pnl": 3835605.37776,
    "return_on_equity": 0.9006533752,
    "liq_px": "2763.800933739",
    "funding_rate_per_hour": 1.25e-05,
    "funding_per_hour_usd": 750.559694028,
    "funding_per_day_usd": 18013.432656671997,
    "funding_apr_for_whale_pct": 10.950000000000001
  },
  "biggest_loser": {
    "snap_t": 1780159560462,
    "coin": "HYPE",
    "direction": -1,
    "size_abs": 199129.81,
    "entry_px": 62.9481,
    "position_value": 13200514.23471,
    "margin_used": 2640102.846942,
    "unrealized_pnl": -665660.390633,
    "return_on_equity": -0.2655237943,
    "liq_px": "169.7414836676",
    "funding_rate_per_hour": -3.09557e-05,
    "funding_per_hour_usd": -408.63115849541236,
    "funding_per_day_usd": -9807.147803889897,
    "funding_apr_for_whale_pct": -27.1171932
  },
  "worst_funding_drain": {
    "snap_t": 1780159560462,
    "coin": "HYPE",
    "direction": -1,
    "size_abs": 199129.81,
    "entry_px": 62.9481,
    "position_value": 13200514.23471,
    "margin_used": 2640102.846942,
    "unrealized_pnl": -665660.390633,
    "return_on_equity": -0.2655237943,
    "liq_px": "169.7414836676",
    "funding_rate_per_hour": -3.09557e-05,
    "funding_per_hour_usd": -408.63115849541236,
    "funding_per_day_usd": -9807.147803889897,
    "funding_apr_for_whale_pct": -27.1171932
  },
  "best_funding_income": {
    "snap_t": 1780159560462,
    "coin": "ETH",
    "direction": -1,
    "size_abs": 29642.9579,
    "entry_px": 2154.99,
    "position_value": 60044775.52224,
    "margin_used": 4002985.034816,
    "unrealized_pnl": 3835605.37776,
    "return_on_equity": 0.9006533752,
    "liq_px": "2763.800933739",
    "funding_rate_per_hour": 1.25e-05,
    "funding_per_hour_usd": 750.559694028,
    "funding_per_day_usd": 18013.432656671997,
    "funding_apr_for_whale_pct": 10.950000000000001
  }
}