{
  "snap_utc": "2026-05-30T20:39:48.140002+00:00",
  "snap_t_ms": 1780173587364,
  "account_value": 3753491.711424,
  "withdrawable": 19676.407292,
  "n_positions": 23,
  "n_long": 6,
  "n_short": 17,
  "total_unrealized_pnl": 8702608.192431,
  "total_funding_per_day_usd": -2003.7971965556885,
  "n_positions_receiving_funding": 14,
  "n_positions_paying_funding": 9,
  "biggest_winner": {
    "snap_t": 1780173587364,
    "coin": "HYPE",
    "direction": 1,
    "size_abs": 78076.29,
    "entry_px": 27.1949,
    "position_value": 5267416.90485,
    "margin_used": 1755805.63495,
    "unrealized_pnl": 3144138.452744,
    "return_on_equity": 4.4423826507,
    "liq_px": null,
    "funding_rate_per_hour": 1.25e-05,
    "funding_per_hour_usd": -65.84271131062499,
    "funding_per_day_usd": -1580.2250714549998,
    "funding_apr_for_whale_pct": -10.950000000000001
  },
  "biggest_loser": {
    "snap_t": 1780173587364,
    "coin": "AAVE",
    "direction": 1,
    "size_abs": 4741.74,
    "entry_px": 152.6925,
    "position_value": 395124.45246,
    "margin_used": 39512.445246,
    "unrealized_pnl": -328904.037737,
    "return_on_equity": -4.5426946894,
    "liq_px": null,
    "funding_rate_per_hour": 1.14963e-05,
    "funding_per_hour_usd": -4.542469242815899,
    "funding_per_day_usd": -109.01926182758157,
    "funding_apr_for_whale_pct": -10.0707588
  },
  "worst_funding_drain": {
    "snap_t": 1780173587364,
    "coin": "HYPE",
    "direction": 1,
    "size_abs": 78076.29,
    "entry_px": 27.1949,
    "position_value": 5267416.90485,
    "margin_used": 1755805.63495,
    "unrealized_pnl": 3144138.452744,
    "return_on_equity": 4.4423826507,
    "liq_px": null,
    "funding_rate_per_hour": 1.25e-05,
    "funding_per_hour_usd": -65.84271131062499,
    "funding_per_day_usd": -1580.2250714549998,
    "funding_apr_for_whale_pct": -10.950000000000001
  },
  "best_funding_income": {
    "snap_t": 1780173587364,
    "coin": "ETH",
    "direction": -1,
    "size_abs": 472.5541,
    "entry_px": 2158.59,
    "position_value": 957394.6066,
    "margin_used": 38295.784264,
    "unrealized_pnl": 62657.411262,
    "return_on_equity": 1.5356425497,
    "liq_px": "30345.384117362",
    "funding_rate_per_hour": 1.25e-05,
    "funding_per_hour_usd": 11.9674325825,
    "funding_per_day_usd": 287.21838198,
    "funding_apr_for_whale_pct": 10.950000000000001
  }
}