{
  "snap_utc": "2026-05-29T23:58:13.548380+00:00",
  "snap_t_ms": 1780099092700,
  "account_value": 3474990.6825,
  "withdrawable": 0.0,
  "n_positions": 23,
  "n_long": 6,
  "n_short": 17,
  "total_unrealized_pnl": 8422909.825413,
  "total_funding_per_day_usd": 1158.365362795761,
  "n_positions_receiving_funding": 17,
  "n_positions_paying_funding": 6,
  "biggest_winner": {
    "snap_t": 1780099092700,
    "coin": "HYPE",
    "direction": 1,
    "size_abs": 78076.29,
    "entry_px": 27.1949,
    "position_value": 5022413.50683,
    "margin_used": 1674137.83561,
    "unrealized_pnl": 2899135.054724,
    "return_on_equity": 4.0962150563,
    "liq_px": null,
    "funding_rate_per_hour": -1.552e-06,
    "funding_per_hour_usd": 7.79478576260016,
    "funding_per_day_usd": 187.07485830240384,
    "funding_apr_for_whale_pct": 1.3595519999999999
  },
  "biggest_loser": {
    "snap_t": 1780099092700,
    "coin": "AAVE",
    "direction": 1,
    "size_abs": 4741.74,
    "entry_px": 152.6925,
    "position_value": 390823.69428,
    "margin_used": 39082.369428,
    "unrealized_pnl": -333204.795917,
    "return_on_equity": -4.6020950892,
    "liq_px": null,
    "funding_rate_per_hour": -3.3427e-06,
    "funding_per_hour_usd": 1.306406362869756,
    "funding_per_day_usd": 31.353752708874143,
    "funding_apr_for_whale_pct": 2.9282052
  },
  "worst_funding_drain": {
    "snap_t": 1780099092700,
    "coin": "XRP",
    "direction": -1,
    "size_abs": 690000.0,
    "entry_px": 1.494361,
    "position_value": 916941.0,
    "margin_used": 45847.05,
    "unrealized_pnl": 114168.4156,
    "return_on_equity": 2.2144772198,
    "liq_px": "20.2441889587",
    "funding_rate_per_hour": -2.69218e-05,
    "funding_per_hour_usd": -24.6857022138,
    "funding_per_day_usd": -592.4568531312,
    "funding_apr_for_whale_pct": -23.5834968
  },
  "best_funding_income": {
    "snap_t": 1780099092700,
    "coin": "ZEC",
    "direction": 1,
    "size_abs": 1063.82,
    "entry_px": 586.6789,
    "position_value": 563462.9012,
    "margin_used": 112692.58024,
    "unrealized_pnl": -60657.916195,
    "return_on_equity": -0.4859469073,
    "liq_px": null,
    "funding_rate_per_hour": -4.4723e-05,
    "funding_per_hour_usd": 25.199751330367597,
    "funding_per_day_usd": 604.7940319288223,
    "funding_apr_for_whale_pct": 39.177348
  }
}