{
  "snap_utc": "2026-05-30T12:18:03.985096+00:00",
  "snap_t_ms": 1780143483427,
  "account_value": 3707841.919986,
  "withdrawable": 0.0,
  "n_positions": 23,
  "n_long": 6,
  "n_short": 17,
  "total_unrealized_pnl": 8656315.570648,
  "total_funding_per_day_usd": -2673.167746593547,
  "n_positions_receiving_funding": 16,
  "n_positions_paying_funding": 7,
  "biggest_winner": {
    "snap_t": 1780143483427,
    "coin": "HYPE",
    "direction": 1,
    "size_abs": 78076.29,
    "entry_px": 27.1949,
    "position_value": 5276629.90707,
    "margin_used": 1758876.63569,
    "unrealized_pnl": 3153351.454964,
    "return_on_equity": 4.4553997878,
    "liq_px": null,
    "funding_rate_per_hour": 1.25e-05,
    "funding_per_hour_usd": -65.957873838375,
    "funding_per_day_usd": -1582.9889721209997,
    "funding_apr_for_whale_pct": -10.950000000000001
  },
  "biggest_loser": {
    "snap_t": 1780143483427,
    "coin": "AAVE",
    "direction": 1,
    "size_abs": 4741.74,
    "entry_px": 152.6925,
    "position_value": 392672.97288,
    "margin_used": 39267.297288,
    "unrealized_pnl": -331355.517317,
    "return_on_equity": -4.5765535722,
    "liq_px": null,
    "funding_rate_per_hour": 1.9702e-06,
    "funding_per_hour_usd": -0.7736442911681761,
    "funding_per_day_usd": -18.567462988036226,
    "funding_apr_for_whale_pct": -1.7258952
  },
  "worst_funding_drain": {
    "snap_t": 1780143483427,
    "coin": "BTC",
    "direction": 1,
    "size_abs": 149.83883,
    "entry_px": 70834.4,
    "position_value": 11024092.23959,
    "margin_used": 275602.305989,
    "unrealized_pnl": 410346.503771,
    "return_on_equity": 1.5464719581,
    "liq_px": null,
    "funding_rate_per_hour": 6.8554e-06,
    "funding_per_hour_usd": -75.57456193928529,
    "funding_per_day_usd": -1813.789486542847,
    "funding_apr_for_whale_pct": -6.0053304
  },
  "best_funding_income": {
    "snap_t": 1780143483427,
    "coin": "ZEC",
    "direction": 1,
    "size_abs": 1063.82,
    "entry_px": 586.6789,
    "position_value": 558005.5046,
    "margin_used": 111601.10092,
    "unrealized_pnl": -66115.312795,
    "return_on_equity": -0.5296675816,
    "liq_px": null,
    "funding_rate_per_hour": -3.34951e-05,
    "funding_per_hour_usd": 18.69045017712746,
    "funding_per_day_usd": 448.57080425105903,
    "funding_apr_for_whale_pct": 29.3417076
  }
}