{
  "snap_utc": "2026-05-29T19:12:58.473296+00:00",
  "snap_t_ms": 1780081977384,
  "account_value": 3491251.678362,
  "withdrawable": 0.0,
  "n_positions": 23,
  "n_long": 6,
  "n_short": 17,
  "total_unrealized_pnl": 8438956.759141,
  "total_funding_per_day_usd": -3673.4191588458452,
  "n_positions_receiving_funding": 14,
  "n_positions_paying_funding": 9,
  "biggest_winner": {
    "snap_t": 1780081977384,
    "coin": "HYPE",
    "direction": 1,
    "size_abs": 78076.29,
    "entry_px": 27.1949,
    "position_value": 5104705.91649,
    "margin_used": 1701568.63883,
    "unrealized_pnl": 2981427.464384,
    "return_on_equity": 4.2124867722,
    "liq_px": null,
    "funding_rate_per_hour": 1.25e-05,
    "funding_per_hour_usd": -63.808823956124996,
    "funding_per_day_usd": -1531.411774947,
    "funding_apr_for_whale_pct": -10.950000000000001
  },
  "biggest_loser": {
    "snap_t": 1780081977384,
    "coin": "AAVE",
    "direction": 1,
    "size_abs": 4741.74,
    "entry_px": 152.6925,
    "position_value": 388585.593,
    "margin_used": 38858.5593,
    "unrealized_pnl": -335442.897197,
    "return_on_equity": -4.6330068739,
    "liq_px": null,
    "funding_rate_per_hour": -7.5766e-06,
    "funding_per_hour_usd": 2.9441576039238,
    "funding_per_day_usd": 70.6597824941712,
    "funding_apr_for_whale_pct": 6.6371016
  },
  "worst_funding_drain": {
    "snap_t": 1780081977384,
    "coin": "BTC",
    "direction": 1,
    "size_abs": 149.83883,
    "entry_px": 70834.4,
    "position_value": 10999368.83264,
    "margin_used": 274984.220816,
    "unrealized_pnl": 385623.096821,
    "return_on_equity": 1.4532969092,
    "liq_px": null,
    "funding_rate_per_hour": 1.14834e-05,
    "funding_per_hour_usd": -126.31015205273816,
    "funding_per_day_usd": -3031.443649265716,
    "funding_apr_for_whale_pct": -10.059458399999999
  },
  "best_funding_income": {
    "snap_t": 1780081977384,
    "coin": "ZEC",
    "direction": 1,
    "size_abs": 1063.82,
    "entry_px": 586.6789,
    "position_value": 561356.5376,
    "margin_used": 112271.30752,
    "unrealized_pnl": -62764.279795,
    "return_on_equity": -0.5028215535,
    "liq_px": null,
    "funding_rate_per_hour": -2.34734e-05,
    "funding_per_hour_usd": 13.176946549699842,
    "funding_per_day_usd": 316.2467171927962,
    "funding_apr_for_whale_pct": 20.562698400000002
  }
}