{
  "snap_utc": "2026-05-28T19:15:22.767645+00:00",
  "snap_t_ms": 1779995721703,
  "account_value": 3114193.008203,
  "withdrawable": 0.0,
  "n_positions": 23,
  "n_long": 6,
  "n_short": 17,
  "total_unrealized_pnl": 8059099.832169998,
  "total_funding_per_day_usd": -3888.930805537205,
  "n_positions_receiving_funding": 11,
  "n_positions_paying_funding": 12,
  "biggest_winner": {
    "snap_t": 1779995721703,
    "coin": "HYPE",
    "direction": 1,
    "size_abs": 78076.29,
    "entry_px": 27.1949,
    "position_value": 4689886.58772,
    "margin_used": 1563295.52924,
    "unrealized_pnl": 2566608.135614,
    "return_on_equity": 3.6263846596,
    "liq_px": null,
    "funding_rate_per_hour": 8.6745e-06,
    "funding_per_hour_usd": -40.68242120517714,
    "funding_per_day_usd": -976.3781089242514,
    "funding_apr_for_whale_pct": -7.598862
  },
  "biggest_loser": {
    "snap_t": 1779995721703,
    "coin": "AAVE",
    "direction": 1,
    "size_abs": 4741.74,
    "entry_px": 152.6925,
    "position_value": 384483.9879,
    "margin_used": 38448.39879,
    "unrealized_pnl": -339544.502297,
    "return_on_equity": -4.6896566488,
    "liq_px": null,
    "funding_rate_per_hour": 1.2809e-06,
    "funding_per_hour_usd": -0.49248554010111006,
    "funding_per_day_usd": -11.819652962426641,
    "funding_apr_for_whale_pct": -1.1220684
  },
  "worst_funding_drain": {
    "snap_t": 1779995721703,
    "coin": "BTC",
    "direction": 1,
    "size_abs": 149.83883,
    "entry_px": 70834.4,
    "position_value": 11006111.57999,
    "margin_used": 275152.789499,
    "unrealized_pnl": 392365.844171,
    "return_on_equity": 1.4787082862,
    "liq_px": null,
    "funding_rate_per_hour": 1.25e-05,
    "funding_per_hour_usd": -137.576394749875,
    "funding_per_day_usd": -3301.8334739969996,
    "funding_apr_for_whale_pct": -10.950000000000001
  },
  "best_funding_income": {
    "snap_t": 1779995721703,
    "coin": "NEAR",
    "direction": -1,
    "size_abs": 399140.0,
    "entry_px": 3.29351,
    "position_value": 962087.056,
    "margin_used": 96208.7056,
    "unrealized_pnl": 352488.099601,
    "return_on_equity": 2.6813841575,
    "liq_px": "33.3989944141",
    "funding_rate_per_hour": 1.25e-05,
    "funding_per_hour_usd": 12.0260882,
    "funding_per_day_usd": 288.6261168,
    "funding_apr_for_whale_pct": 10.950000000000001
  }
}