{
  "snap_utc": "2026-05-30T15:39:30.892391+00:00",
  "snap_t_ms": 1780155570329,
  "account_value": 26676417.850041,
  "withdrawable": 11370729.168851,
  "n_positions": 28,
  "n_long": 7,
  "n_short": 21,
  "total_unrealized_pnl": 8972307.105121002,
  "total_funding_per_day_usd": 25693.013828619016,
  "n_positions_receiving_funding": 18,
  "n_positions_paying_funding": 10,
  "biggest_winner": {
    "snap_t": 1780155570329,
    "coin": "ETH",
    "direction": -1,
    "size_abs": 29516.5048,
    "entry_px": 2155.54,
    "position_value": 59776825.52096,
    "margin_used": 3985121.701397,
    "unrealized_pnl": 3847401.79756,
    "return_on_equity": 0.9070605553,
    "liq_px": "2766.6517944424",
    "funding_rate_per_hour": 1.25e-05,
    "funding_per_hour_usd": 747.2103190120001,
    "funding_per_day_usd": 17933.047656288003,
    "funding_apr_for_whale_pct": 10.950000000000001
  },
  "biggest_loser": {
    "snap_t": 1780155570329,
    "coin": "HYPE",
    "direction": -1,
    "size_abs": 199129.81,
    "entry_px": 62.9481,
    "position_value": 13459183.8579,
    "margin_used": 2691836.77158,
    "unrealized_pnl": -924330.013823,
    "return_on_equity": -0.3687039455,
    "liq_px": "170.9935745359",
    "funding_rate_per_hour": 1.25e-05,
    "funding_per_hour_usd": 168.23979822375,
    "funding_per_day_usd": 4037.7551573700002,
    "funding_apr_for_whale_pct": 10.950000000000001
  },
  "worst_funding_drain": {
    "snap_t": 1780155570329,
    "coin": "ASTER",
    "direction": -1,
    "size_abs": 5626916.0,
    "entry_px": 0.702823,
    "position_value": 4032529.3514,
    "margin_used": 1344176.450466,
    "unrealized_pnl": -77800.919917,
    "return_on_equity": -0.0590186567,
    "liq_px": "4.3231414291",
    "funding_rate_per_hour": -3.30019e-05,
    "funding_per_hour_usd": -133.08113040196767,
    "funding_per_day_usd": -3193.947129647224,
    "funding_apr_for_whale_pct": -28.9096644
  },
  "best_funding_income": {
    "snap_t": 1780155570329,
    "coin": "ETH",
    "direction": -1,
    "size_abs": 29516.5048,
    "entry_px": 2155.54,
    "position_value": 59776825.52096,
    "margin_used": 3985121.701397,
    "unrealized_pnl": 3847401.79756,
    "return_on_equity": 0.9070605553,
    "liq_px": "2766.6517944424",
    "funding_rate_per_hour": 1.25e-05,
    "funding_per_hour_usd": 747.2103190120001,
    "funding_per_day_usd": 17933.047656288003,
    "funding_apr_for_whale_pct": 10.950000000000001
  }
}