{
  "snap_utc": "2026-05-27T12:03:26.972503+00:00",
  "snap_t_ms": 1779883406379,
  "account_value": 3466819.474206,
  "withdrawable": 0.0,
  "n_positions": 23,
  "n_long": 6,
  "n_short": 17,
  "total_unrealized_pnl": 8407980.101479001,
  "total_funding_per_day_usd": 11196.967597991947,
  "n_positions_receiving_funding": 15,
  "n_positions_paying_funding": 8,
  "biggest_winner": {
    "snap_t": 1779883406379,
    "coin": "HYPE",
    "direction": 1,
    "size_abs": 78076.29,
    "entry_px": 27.1949,
    "position_value": 4849786.82964,
    "margin_used": 1616595.60988,
    "unrealized_pnl": 2726508.377534,
    "return_on_equity": 3.8523092082,
    "liq_px": null,
    "funding_rate_per_hour": -6.50281e-05,
    "funding_per_hour_usd": 315.37242293651286,
    "funding_per_day_usd": 7568.938150476309,
    "funding_apr_for_whale_pct": 56.96461559999999
  },
  "biggest_loser": {
    "snap_t": 1779883406379,
    "coin": "AAVE",
    "direction": 1,
    "size_abs": 4741.74,
    "entry_px": 152.6925,
    "position_value": 403175.92698,
    "margin_used": 40317.592698,
    "unrealized_pnl": -320852.563217,
    "return_on_equity": -4.4314908538,
    "liq_px": null,
    "funding_rate_per_hour": 1.25e-05,
    "funding_per_hour_usd": -5.03969908725,
    "funding_per_day_usd": -120.952778094,
    "funding_apr_for_whale_pct": -10.950000000000001
  },
  "worst_funding_drain": {
    "snap_t": 1779883406379,
    "coin": "TON",
    "direction": -1,
    "size_abs": 116097.7,
    "entry_px": 5.94226,
    "position_value": 219424.653,
    "margin_used": 21942.4653,
    "unrealized_pnl": 470458.144511,
    "return_on_equity": 6.8193923114,
    "liq_px": "110.564794804",
    "funding_rate_per_hour": -5.9443e-05,
    "funding_per_hour_usd": -13.043259648279,
    "funding_per_day_usd": -313.038231558696,
    "funding_apr_for_whale_pct": -52.072067999999994
  },
  "best_funding_income": {
    "snap_t": 1779883406379,
    "coin": "HYPE",
    "direction": 1,
    "size_abs": 78076.29,
    "entry_px": 27.1949,
    "position_value": 4849786.82964,
    "margin_used": 1616595.60988,
    "unrealized_pnl": 2726508.377534,
    "return_on_equity": 3.8523092082,
    "liq_px": null,
    "funding_rate_per_hour": -6.50281e-05,
    "funding_per_hour_usd": 315.37242293651286,
    "funding_per_day_usd": 7568.938150476309,
    "funding_apr_for_whale_pct": 56.96461559999999
  }
}