{
  "snap_utc": "2026-05-27T16:09:26.661242+00:00",
  "snap_t_ms": 1779898166054,
  "account_value": 3211428.960149,
  "withdrawable": 0.0,
  "n_positions": 23,
  "n_long": 6,
  "n_short": 17,
  "total_unrealized_pnl": 8152605.385260001,
  "total_funding_per_day_usd": -4445.072090029123,
  "n_positions_receiving_funding": 12,
  "n_positions_paying_funding": 11,
  "biggest_winner": {
    "snap_t": 1779898166054,
    "coin": "HYPE",
    "direction": 1,
    "size_abs": 78076.29,
    "entry_px": 27.1949,
    "position_value": 4695742.30947,
    "margin_used": 1565247.43649,
    "unrealized_pnl": 2572463.857364,
    "return_on_equity": 3.6346582637,
    "liq_px": null,
    "funding_rate_per_hour": 1.25e-05,
    "funding_per_hour_usd": -58.696778868375,
    "funding_per_day_usd": -1408.722692841,
    "funding_apr_for_whale_pct": -10.950000000000001
  },
  "biggest_loser": {
    "snap_t": 1779898166054,
    "coin": "AAVE",
    "direction": 1,
    "size_abs": 4741.74,
    "entry_px": 152.6925,
    "position_value": 409510.89162,
    "margin_used": 40951.089162,
    "unrealized_pnl": -314517.598577,
    "return_on_equity": -4.3439947852,
    "liq_px": null,
    "funding_rate_per_hour": 1.13486e-05,
    "funding_per_hour_usd": -4.647375304638732,
    "funding_per_day_usd": -111.53700731132957,
    "funding_apr_for_whale_pct": -9.9413736
  },
  "worst_funding_drain": {
    "snap_t": 1779898166054,
    "coin": "BTC",
    "direction": 1,
    "size_abs": 149.83883,
    "entry_px": 70834.4,
    "position_value": 11274323.08569,
    "margin_used": 281858.077142,
    "unrealized_pnl": 660577.349871,
    "return_on_equity": 2.4895163925,
    "liq_px": null,
    "funding_rate_per_hour": 1.25e-05,
    "funding_per_hour_usd": -140.929038571125,
    "funding_per_day_usd": -3382.296925707,
    "funding_apr_for_whale_pct": -10.950000000000001
  },
  "best_funding_income": {
    "snap_t": 1779898166054,
    "coin": "NEAR",
    "direction": -1,
    "size_abs": 399140.0,
    "entry_px": 3.29351,
    "position_value": 1022836.164,
    "margin_used": 102283.6164,
    "unrealized_pnl": 291738.991601,
    "return_on_equity": 2.2192644548,
    "liq_px": "33.4592582419",
    "funding_rate_per_hour": 1.25015e-05,
    "funding_per_hour_usd": 12.786986304246,
    "funding_per_day_usd": 306.887671301904,
    "funding_apr_for_whale_pct": 10.951314
  }
}