{
  "snap_utc": "2026-05-30T11:04:13.254187+00:00",
  "snap_t_ms": 1780139052553,
  "account_value": 27158437.52214,
  "withdrawable": 12251646.258075,
  "n_positions": 28,
  "n_long": 8,
  "n_short": 20,
  "total_unrealized_pnl": 9468723.806649,
  "total_funding_per_day_usd": 24856.409565836362,
  "n_positions_receiving_funding": 16,
  "n_positions_paying_funding": 12,
  "biggest_winner": {
    "snap_t": 1780139052553,
    "coin": "ETH",
    "direction": -1,
    "size_abs": 29165.1674,
    "entry_px": 2157.13,
    "position_value": 58826142.6458,
    "margin_used": 3921742.843053,
    "unrealized_pnl": 4087013.92784,
    "return_on_equity": 0.9744417902,
    "liq_px": "2787.9123485422",
    "funding_rate_per_hour": 1.25e-05,
    "funding_per_hour_usd": 735.3267830725,
    "funding_per_day_usd": 17647.84279374,
    "funding_apr_for_whale_pct": 10.950000000000001
  },
  "biggest_loser": {
    "snap_t": 1780139052553,
    "coin": "HYPE",
    "direction": -1,
    "size_abs": 174323.69,
    "entry_px": 62.304,
    "position_value": 11654584.61864,
    "margin_used": 2330916.923728,
    "unrealized_pnl": -793520.27312,
    "return_on_equity": -0.3653050235,
    "liq_px": "188.6291233147",
    "funding_rate_per_hour": 1.17195e-05,
    "funding_per_hour_usd": 136.5859044381515,
    "funding_per_day_usd": 3278.0617065156357,
    "funding_apr_for_whale_pct": 10.266282
  },
  "worst_funding_drain": {
    "snap_t": 1780139052553,
    "coin": "SOL",
    "direction": -1,
    "size_abs": 64325.66,
    "entry_px": 84.1369,
    "position_value": 5294902.37724,
    "margin_used": 264745.118862,
    "unrealized_pnl": 117261.767604,
    "return_on_equity": 0.4333267228,
    "liq_px": "430.13959064",
    "funding_rate_per_hour": -7.7366e-06,
    "funding_per_hour_usd": -40.964541731754984,
    "funding_per_day_usd": -983.1490015621196,
    "funding_apr_for_whale_pct": -6.777261599999999
  },
  "best_funding_income": {
    "snap_t": 1780139052553,
    "coin": "ETH",
    "direction": -1,
    "size_abs": 29165.1674,
    "entry_px": 2157.13,
    "position_value": 58826142.6458,
    "margin_used": 3921742.843053,
    "unrealized_pnl": 4087013.92784,
    "return_on_equity": 0.9744417902,
    "liq_px": "2787.9123485422",
    "funding_rate_per_hour": 1.25e-05,
    "funding_per_hour_usd": 735.3267830725,
    "funding_per_day_usd": 17647.84279374,
    "funding_apr_for_whale_pct": 10.950000000000001
  }
}