{
  "snap_utc": "2026-05-30T14:11:32.303589+00:00",
  "snap_t_ms": 1780150291584,
  "account_value": 26821812.821567,
  "withdrawable": 11618600.007131,
  "n_positions": 28,
  "n_long": 7,
  "n_short": 21,
  "total_unrealized_pnl": 9117275.140711,
  "total_funding_per_day_usd": 32014.489558585432,
  "n_positions_receiving_funding": 20,
  "n_positions_paying_funding": 8,
  "biggest_winner": {
    "snap_t": 1780150291584,
    "coin": "ETH",
    "direction": -1,
    "size_abs": 29289.5484,
    "entry_px": 2156.55,
    "position_value": 59267401.1874,
    "margin_used": 3951160.07916,
    "unrealized_pnl": 3897222.57781,
    "return_on_equity": 0.9254917576,
    "liq_px": "2776.4352190741",
    "funding_rate_per_hour": 1.25e-05,
    "funding_per_hour_usd": 740.8425148425,
    "funding_per_day_usd": 17780.22035622,
    "funding_apr_for_whale_pct": 10.950000000000001
  },
  "biggest_loser": {
    "snap_t": 1780150291584,
    "coin": "HYPE",
    "direction": -1,
    "size_abs": 199129.81,
    "entry_px": 62.9481,
    "position_value": 13529277.55102,
    "margin_used": 2705855.510204,
    "unrealized_pnl": -994423.706943,
    "return_on_equity": -0.3966634631,
    "liq_px": "172.1121998511",
    "funding_rate_per_hour": 1.25e-05,
    "funding_per_hour_usd": 169.11596938775,
    "funding_per_day_usd": 4058.783265306,
    "funding_apr_for_whale_pct": 10.950000000000001
  },
  "worst_funding_drain": {
    "snap_t": 1780150291584,
    "coin": "ASTER",
    "direction": -1,
    "size_abs": 5626916.0,
    "entry_px": 0.702823,
    "position_value": 3895232.601,
    "margin_used": 1298410.867,
    "unrealized_pnl": 59495.830483,
    "return_on_equity": 0.0451326797,
    "liq_px": "4.3264376005",
    "funding_rate_per_hour": -1.87675e-05,
    "funding_per_hour_usd": -73.1037778392675,
    "funding_per_day_usd": -1754.49066814242,
    "funding_apr_for_whale_pct": -16.44033
  },
  "best_funding_income": {
    "snap_t": 1780150291584,
    "coin": "ETH",
    "direction": -1,
    "size_abs": 29289.5484,
    "entry_px": 2156.55,
    "position_value": 59267401.1874,
    "margin_used": 3951160.07916,
    "unrealized_pnl": 3897222.57781,
    "return_on_equity": 0.9254917576,
    "liq_px": "2776.4352190741",
    "funding_rate_per_hour": 1.25e-05,
    "funding_per_hour_usd": 740.8425148425,
    "funding_per_day_usd": 17780.22035622,
    "funding_apr_for_whale_pct": 10.950000000000001
  }
}