{
  "snap_utc": "2026-05-29T16:25:34.878007+00:00",
  "snap_t_ms": 1780071934046,
  "account_value": 3525697.547685,
  "withdrawable": 0.0,
  "n_positions": 23,
  "n_long": 6,
  "n_short": 17,
  "total_unrealized_pnl": 8473473.923617,
  "total_funding_per_day_usd": 756.2541942767787,
  "n_positions_receiving_funding": 15,
  "n_positions_paying_funding": 8,
  "biggest_winner": {
    "snap_t": 1780071934046,
    "coin": "HYPE",
    "direction": 1,
    "size_abs": 78076.29,
    "entry_px": 27.1949,
    "position_value": 5122585.3869,
    "margin_used": 1707528.4623,
    "unrealized_pnl": 2999306.934794,
    "return_on_equity": 4.2377488433,
    "liq_px": null,
    "funding_rate_per_hour": -3.00964e-05,
    "funding_per_hour_usd": 154.17137883829716,
    "funding_per_day_usd": 3700.1130921191316,
    "funding_apr_for_whale_pct": 26.364446400000002
  },
  "biggest_loser": {
    "snap_t": 1780071934046,
    "coin": "AAVE",
    "direction": 1,
    "size_abs": 4741.74,
    "entry_px": 152.6925,
    "position_value": 389922.76368,
    "margin_used": 38992.276368,
    "unrealized_pnl": -334105.726517,
    "return_on_equity": -4.6145383924,
    "liq_px": null,
    "funding_rate_per_hour": -1.57498e-05,
    "funding_per_hour_usd": 6.141205543407263,
    "funding_per_day_usd": 147.38893304177432,
    "funding_apr_for_whale_pct": 13.7968248
  },
  "worst_funding_drain": {
    "snap_t": 1780071934046,
    "coin": "BTC",
    "direction": 1,
    "size_abs": 149.83883,
    "entry_px": 70834.4,
    "position_value": 11025740.46672,
    "margin_used": 275643.511668,
    "unrealized_pnl": 411994.730901,
    "return_on_equity": 1.552683628,
    "liq_px": null,
    "funding_rate_per_hour": 1.25e-05,
    "funding_per_hour_usd": -137.82175583400002,
    "funding_per_day_usd": -3307.7221400160006,
    "funding_apr_for_whale_pct": -10.950000000000001
  },
  "best_funding_income": {
    "snap_t": 1780071934046,
    "coin": "HYPE",
    "direction": 1,
    "size_abs": 78076.29,
    "entry_px": 27.1949,
    "position_value": 5122585.3869,
    "margin_used": 1707528.4623,
    "unrealized_pnl": 2999306.934794,
    "return_on_equity": 4.2377488433,
    "liq_px": null,
    "funding_rate_per_hour": -3.00964e-05,
    "funding_per_hour_usd": 154.17137883829716,
    "funding_per_day_usd": 3700.1130921191316,
    "funding_apr_for_whale_pct": 26.364446400000002
  }
}