{
  "snap_utc": "2026-05-28T16:22:09.754389+00:00",
  "snap_t_ms": 1779985328988,
  "account_value": 2992244.519318,
  "withdrawable": 0.0,
  "n_positions": 23,
  "n_long": 6,
  "n_short": 17,
  "total_unrealized_pnl": 7936630.562567,
  "total_funding_per_day_usd": -4941.339141129624,
  "n_positions_receiving_funding": 6,
  "n_positions_paying_funding": 17,
  "biggest_winner": {
    "snap_t": 1779985328988,
    "coin": "HYPE",
    "direction": 1,
    "size_abs": 78076.29,
    "entry_px": 27.1949,
    "position_value": 4551379.24926,
    "margin_used": 1517126.41642,
    "unrealized_pnl": 2428100.797154,
    "return_on_equity": 3.4306863446,
    "liq_px": null,
    "funding_rate_per_hour": 1.25e-05,
    "funding_per_hour_usd": -56.892240615750005,
    "funding_per_day_usd": -1365.413774778,
    "funding_apr_for_whale_pct": -10.950000000000001
  },
  "biggest_loser": {
    "snap_t": 1779985328988,
    "coin": "AAVE",
    "direction": 1,
    "size_abs": 4741.74,
    "entry_px": 152.6925,
    "position_value": 377580.01446,
    "margin_used": 37758.001446,
    "unrealized_pnl": -346448.475737,
    "return_on_equity": -4.7850116456,
    "liq_px": null,
    "funding_rate_per_hour": -1.70818e-05,
    "funding_per_hour_usd": 6.449746291002827,
    "funding_per_day_usd": 154.79391098406785,
    "funding_apr_for_whale_pct": 14.963656799999999
  },
  "worst_funding_drain": {
    "snap_t": 1779985328988,
    "coin": "BTC",
    "direction": 1,
    "size_abs": 149.83883,
    "entry_px": 70834.4,
    "position_value": 10968352.19483,
    "margin_used": 274208.80487,
    "unrealized_pnl": 354606.459011,
    "return_on_equity": 1.3364045751,
    "liq_px": null,
    "funding_rate_per_hour": 1.25e-05,
    "funding_per_hour_usd": -137.10440243537502,
    "funding_per_day_usd": -3290.5056584490003,
    "funding_apr_for_whale_pct": -10.950000000000001
  },
  "best_funding_income": {
    "snap_t": 1779985328988,
    "coin": "ETH",
    "direction": -1,
    "size_abs": 472.5541,
    "entry_px": 2158.59,
    "position_value": 944446.62426,
    "margin_used": 37777.86497,
    "unrealized_pnl": 75605.393602,
    "return_on_equity": 1.8529788746,
    "liq_px": "28724.541775055",
    "funding_rate_per_hour": 1.25e-05,
    "funding_per_hour_usd": 11.80558280325,
    "funding_per_day_usd": 283.333987278,
    "funding_apr_for_whale_pct": 10.950000000000001
  }
}