{
  "snap_utc": "2026-05-30T09:35:44.857107+00:00",
  "snap_t_ms": 1780133743646,
  "account_value": 27348644.989873,
  "withdrawable": 12455393.449718,
  "n_positions": 28,
  "n_long": 8,
  "n_short": 20,
  "total_unrealized_pnl": 9659115.241708001,
  "total_funding_per_day_usd": 2020.8666631603664,
  "n_positions_receiving_funding": 18,
  "n_positions_paying_funding": 10,
  "biggest_winner": {
    "snap_t": 1780133743646,
    "coin": "ETH",
    "direction": -1,
    "size_abs": 29148.0145,
    "entry_px": 2157.21,
    "position_value": 58724504.81315,
    "margin_used": 3914966.987543,
    "unrealized_pnl": 4154011.47894,
    "return_on_equity": 0.9909612354,
    "liq_px": "2793.141944444",
    "funding_rate_per_hour": 3.3764e-06,
    "funding_per_hour_usd": 198.27741805111967,
    "funding_per_day_usd": 4758.658033226872,
    "funding_apr_for_whale_pct": 2.9577264
  },
  "biggest_loser": {
    "snap_t": 1780133743646,
    "coin": "HYPE",
    "direction": -1,
    "size_abs": 168015.56,
    "entry_px": 62.1434,
    "position_value": 11128846.64772,
    "margin_used": 2225769.329544,
    "unrealized_pnl": -687785.23137,
    "return_on_equity": -0.3293655712,
    "liq_px": "193.8626009392",
    "funding_rate_per_hour": 1.25e-05,
    "funding_per_hour_usd": 139.1105830965,
    "funding_per_day_usd": 3338.6539943159996,
    "funding_apr_for_whale_pct": 10.950000000000001
  },
  "worst_funding_drain": {
    "snap_t": 1780133743646,
    "coin": "XMR",
    "direction": -1,
    "size_abs": 7881.56,
    "entry_px": 348.201,
    "position_value": 3136545.6176,
    "margin_used": 627309.12352,
    "unrealized_pnl": -392176.47632,
    "return_on_equity": -0.7145111611,
    "liq_px": "3067.463571483",
    "funding_rate_per_hour": -9.8114e-05,
    "funding_per_hour_usd": -307.7390367252064,
    "funding_per_day_usd": -7385.736881404953,
    "funding_apr_for_whale_pct": -85.94786400000001
  },
  "best_funding_income": {
    "snap_t": 1780133743646,
    "coin": "ETH",
    "direction": -1,
    "size_abs": 29148.0145,
    "entry_px": 2157.21,
    "position_value": 58724504.81315,
    "margin_used": 3914966.987543,
    "unrealized_pnl": 4154011.47894,
    "return_on_equity": 0.9909612354,
    "liq_px": "2793.141944444",
    "funding_rate_per_hour": 3.3764e-06,
    "funding_per_hour_usd": 198.27741805111967,
    "funding_per_day_usd": 4758.658033226872,
    "funding_apr_for_whale_pct": 2.9577264
  }
}