{
  "snap_utc": "2026-05-30T09:31:41.484556+00:00",
  "snap_t_ms": 1780133499883,
  "account_value": 3578313.067849,
  "withdrawable": 0.0,
  "n_positions": 23,
  "n_long": 6,
  "n_short": 17,
  "total_unrealized_pnl": 8526446.623475,
  "total_funding_per_day_usd": -570.7155821558688,
  "n_positions_receiving_funding": 14,
  "n_positions_paying_funding": 9,
  "biggest_winner": {
    "snap_t": 1780133499883,
    "coin": "HYPE",
    "direction": 1,
    "size_abs": 78076.29,
    "entry_px": 27.1949,
    "position_value": 5176614.17958,
    "margin_used": 1725538.05986,
    "unrealized_pnl": 3053335.727474,
    "return_on_equity": 4.3140866302,
    "liq_px": null,
    "funding_rate_per_hour": 1.25e-05,
    "funding_per_hour_usd": -64.70767724475,
    "funding_per_day_usd": -1552.984253874,
    "funding_apr_for_whale_pct": -10.950000000000001
  },
  "biggest_loser": {
    "snap_t": 1780133499883,
    "coin": "AAVE",
    "direction": 1,
    "size_abs": 4741.74,
    "entry_px": 152.6925,
    "position_value": 392639.7807,
    "margin_used": 39263.97807,
    "unrealized_pnl": -331388.709497,
    "return_on_equity": -4.5770120097,
    "liq_px": null,
    "funding_rate_per_hour": -7.8284e-06,
    "funding_per_hour_usd": 3.07374125923188,
    "funding_per_day_usd": 73.76979022156512,
    "funding_apr_for_whale_pct": 6.857678399999998
  },
  "worst_funding_drain": {
    "snap_t": 1780133499883,
    "coin": "HYPE",
    "direction": 1,
    "size_abs": 78076.29,
    "entry_px": 27.1949,
    "position_value": 5176614.17958,
    "margin_used": 1725538.05986,
    "unrealized_pnl": 3053335.727474,
    "return_on_equity": 4.3140866302,
    "liq_px": null,
    "funding_rate_per_hour": 1.25e-05,
    "funding_per_hour_usd": -64.70767724475,
    "funding_per_day_usd": -1552.984253874,
    "funding_apr_for_whale_pct": -10.950000000000001
  },
  "best_funding_income": {
    "snap_t": 1780133499883,
    "coin": "BTC",
    "direction": 1,
    "size_abs": 149.83883,
    "entry_px": 70834.4,
    "position_value": 11015851.10394,
    "margin_used": 275396.277598,
    "unrealized_pnl": 402105.368121,
    "return_on_equity": 1.5154136085,
    "liq_px": null,
    "funding_rate_per_hour": -5.2743e-06,
    "funding_per_hour_usd": 58.10090347751074,
    "funding_per_day_usd": 1394.4216834602578,
    "funding_apr_for_whale_pct": 4.6202868
  }
}