{
  "snap_utc": "2026-05-28T22:55:50.098501+00:00",
  "snap_t_ms": 1780008949313,
  "account_value": 3258003.359415,
  "withdrawable": 0.0,
  "n_positions": 23,
  "n_long": 6,
  "n_short": 17,
  "total_unrealized_pnl": 8203465.532845,
  "total_funding_per_day_usd": -4554.382442216875,
  "n_positions_receiving_funding": 10,
  "n_positions_paying_funding": 13,
  "biggest_winner": {
    "snap_t": 1780008949313,
    "coin": "HYPE",
    "direction": 1,
    "size_abs": 78076.29,
    "entry_px": 27.1949,
    "position_value": 4823631.27249,
    "margin_used": 1607877.09083,
    "unrealized_pnl": 2700352.820384,
    "return_on_equity": 3.8153537767,
    "liq_px": null,
    "funding_rate_per_hour": 1.25e-05,
    "funding_per_hour_usd": -60.29539090612501,
    "funding_per_day_usd": -1447.089381747,
    "funding_apr_for_whale_pct": -10.950000000000001
  },
  "biggest_loser": {
    "snap_t": 1780008949313,
    "coin": "AAVE",
    "direction": 1,
    "size_abs": 4741.74,
    "entry_px": 152.6925,
    "position_value": 382184.244,
    "margin_used": 38218.4244,
    "unrealized_pnl": -341844.246197,
    "return_on_equity": -4.7214198174,
    "liq_px": null,
    "funding_rate_per_hour": 2.4979e-06,
    "funding_per_hour_usd": -0.9546580230876,
    "funding_per_day_usd": -22.911792554102398,
    "funding_apr_for_whale_pct": -2.1881604
  },
  "worst_funding_drain": {
    "snap_t": 1780008949313,
    "coin": "BTC",
    "direction": 1,
    "size_abs": 149.83883,
    "entry_px": 70834.4,
    "position_value": 11011056.26138,
    "margin_used": 275276.406534,
    "unrealized_pnl": 397310.525561,
    "return_on_equity": 1.4973432959,
    "liq_px": null,
    "funding_rate_per_hour": 1.25e-05,
    "funding_per_hour_usd": -137.63820326725002,
    "funding_per_day_usd": -3303.3168784140007,
    "funding_apr_for_whale_pct": -10.950000000000001
  },
  "best_funding_income": {
    "snap_t": 1780008949313,
    "coin": "NEAR",
    "direction": -1,
    "size_abs": 399140.0,
    "entry_px": 3.29351,
    "position_value": 977254.376,
    "margin_used": 97725.4376,
    "unrealized_pnl": 337320.779601,
    "return_on_equity": 2.5660060451,
    "liq_px": "33.8141378145",
    "funding_rate_per_hour": 1.25e-05,
    "funding_per_hour_usd": 12.2156797,
    "funding_per_day_usd": 293.1763128,
    "funding_apr_for_whale_pct": 10.950000000000001
  }
}