{
  "snap_utc": "2026-05-30T04:11:37.196569+00:00",
  "snap_t_ms": 1780114296317,
  "account_value": 3465961.241396,
  "withdrawable": 0.0,
  "n_positions": 23,
  "n_long": 6,
  "n_short": 17,
  "total_unrealized_pnl": 8413769.217753,
  "total_funding_per_day_usd": 4218.946469942301,
  "n_positions_receiving_funding": 18,
  "n_positions_paying_funding": 5,
  "biggest_winner": {
    "snap_t": 1780114296317,
    "coin": "HYPE",
    "direction": 1,
    "size_abs": 78076.29,
    "entry_px": 27.1949,
    "position_value": 5071055.0355,
    "margin_used": 1690351.6785,
    "unrealized_pnl": 2947776.583394,
    "return_on_equity": 4.1649411274,
    "liq_px": null,
    "funding_rate_per_hour": -2.35355e-05,
    "funding_per_hour_usd": 119.34981578801025,
    "funding_per_day_usd": 2864.395578912246,
    "funding_apr_for_whale_pct": 20.617098
  },
  "biggest_loser": {
    "snap_t": 1780114296317,
    "coin": "AAVE",
    "direction": 1,
    "size_abs": 4741.74,
    "entry_px": 152.6925,
    "position_value": 393493.2939,
    "margin_used": 39349.32939,
    "unrealized_pnl": -330535.196297,
    "return_on_equity": -4.5652236172,
    "liq_px": null,
    "funding_rate_per_hour": 1.25e-05,
    "funding_per_hour_usd": -4.91866617375,
    "funding_per_day_usd": -118.04798817,
    "funding_apr_for_whale_pct": -10.950000000000001
  },
  "worst_funding_drain": {
    "snap_t": 1780114296317,
    "coin": "XRP",
    "direction": -1,
    "size_abs": 690000.0,
    "entry_px": 1.494361,
    "position_value": 929982.0,
    "margin_used": 46499.1,
    "unrealized_pnl": 101127.4156,
    "return_on_equity": 1.9615263729,
    "liq_px": "20.2614996025",
    "funding_rate_per_hour": -1.61311e-05,
    "funding_per_hour_usd": -15.001632640199999,
    "funding_per_day_usd": -360.03918336479995,
    "funding_apr_for_whale_pct": -14.130843599999999
  },
  "best_funding_income": {
    "snap_t": 1780114296317,
    "coin": "HYPE",
    "direction": 1,
    "size_abs": 78076.29,
    "entry_px": 27.1949,
    "position_value": 5071055.0355,
    "margin_used": 1690351.6785,
    "unrealized_pnl": 2947776.583394,
    "return_on_equity": 4.1649411274,
    "liq_px": null,
    "funding_rate_per_hour": -2.35355e-05,
    "funding_per_hour_usd": 119.34981578801025,
    "funding_per_day_usd": 2864.395578912246,
    "funding_apr_for_whale_pct": 20.617098
  }
}