{
  "snap_utc": "2026-05-26T20:41:11.371275+00:00",
  "snap_t_ms": 1779828070210,
  "account_value": 3244247.695423,
  "withdrawable": 0.0,
  "n_positions": 23,
  "n_long": 6,
  "n_short": 17,
  "total_unrealized_pnl": 8187100.8953249995,
  "total_funding_per_day_usd": -3277.308404611812,
  "n_positions_receiving_funding": 11,
  "n_positions_paying_funding": 12,
  "biggest_winner": {
    "snap_t": 1779828070210,
    "coin": "HYPE",
    "direction": 1,
    "size_abs": 78076.29,
    "entry_px": 27.1949,
    "position_value": 4645461.17871,
    "margin_used": 1548487.05957,
    "unrealized_pnl": 2522182.726604,
    "return_on_equity": 3.5636155834,
    "liq_px": NaN,
    "funding_rate_per_hour": 1.25e-05,
    "funding_per_hour_usd": -58.068264733875,
    "funding_per_day_usd": -1393.638353613,
    "funding_apr_for_whale_pct": -10.950000000000001
  },
  "biggest_loser": {
    "snap_t": 1779828070210,
    "coin": "AAVE",
    "direction": 1,
    "size_abs": 4741.74,
    "entry_px": 152.6925,
    "position_value": 409344.93072,
    "margin_used": 40934.493072,
    "unrealized_pnl": -314683.559477,
    "return_on_equity": -4.3462869726,
    "liq_px": NaN,
    "funding_rate_per_hour": 1.25e-05,
    "funding_per_hour_usd": -5.116811634,
    "funding_per_day_usd": -122.803479216,
    "funding_apr_for_whale_pct": -10.950000000000001
  },
  "worst_funding_drain": {
    "snap_t": 1779828070210,
    "coin": "TON",
    "direction": -1,
    "size_abs": 116097.7,
    "entry_px": 5.94226,
    "position_value": 230511.98335,
    "margin_used": 23051.198335,
    "unrealized_pnl": 459370.814161,
    "return_on_equity": 6.6586790658,
    "liq_px": "108.7396663768",
    "funding_rate_per_hour": -0.0003856567,
    "funding_per_hour_usd": -88.89849080921594,
    "funding_per_day_usd": -2133.5637794211825,
    "funding_apr_for_whale_pct": -337.83526919999997
  },
  "best_funding_income": {
    "snap_t": 1779828070210,
    "coin": "NEAR",
    "direction": -1,
    "size_abs": 399140.0,
    "entry_px": 3.29351,
    "position_value": 1051773.814,
    "margin_used": 105177.3814,
    "unrealized_pnl": 262801.341601,
    "return_on_equity": 1.9991351615,
    "liq_px": "33.6866437735",
    "funding_rate_per_hour": 1.25e-05,
    "funding_per_hour_usd": 13.147172675,
    "funding_per_day_usd": 315.5321442,
    "funding_apr_for_whale_pct": 10.950000000000001
  }
}