{
  "snap_utc": "2026-05-30T12:18:04.660303+00:00",
  "snap_t_ms": 1780143484046,
  "account_value": 27084688.618766,
  "withdrawable": 11794709.293912,
  "n_positions": 28,
  "n_long": 8,
  "n_short": 20,
  "total_unrealized_pnl": 9394880.566316,
  "total_funding_per_day_usd": 28784.093572358994,
  "n_positions_receiving_funding": 18,
  "n_positions_paying_funding": 10,
  "biggest_winner": {
    "snap_t": 1780143484046,
    "coin": "ETH",
    "direction": -1,
    "size_abs": 29165.1674,
    "entry_px": 2157.13,
    "position_value": 58831975.67928,
    "margin_used": 3922131.711952,
    "unrealized_pnl": 4081180.89436,
    "return_on_equity": 0.9730510556,
    "liq_px": "2782.3080018396",
    "funding_rate_per_hour": 1.25e-05,
    "funding_per_hour_usd": 735.399695991,
    "funding_per_day_usd": 17649.592703784,
    "funding_apr_for_whale_pct": 10.950000000000001
  },
  "biggest_loser": {
    "snap_t": 1780143484046,
    "coin": "HYPE",
    "direction": -1,
    "size_abs": 199129.81,
    "entry_px": 62.9481,
    "position_value": 13457789.94923,
    "margin_used": 2691557.989846,
    "unrealized_pnl": -922936.105153,
    "return_on_equity": -0.3681479324,
    "liq_px": "172.9866218627",
    "funding_rate_per_hour": 1.25e-05,
    "funding_per_hour_usd": 168.222374365375,
    "funding_per_day_usd": 4037.336984769,
    "funding_apr_for_whale_pct": 10.950000000000001
  },
  "worst_funding_drain": {
    "snap_t": 1780143484046,
    "coin": "BTC",
    "direction": 1,
    "size_abs": 47.2524,
    "entry_px": 73365.6,
    "position_value": 3476500.8252,
    "margin_used": 173825.04126,
    "unrealized_pnl": 9796.16744,
    "return_on_equity": 0.0565157313,
    "liq_px": null,
    "funding_rate_per_hour": 6.8554e-06,
    "funding_per_hour_usd": -23.83280375707608,
    "funding_per_day_usd": -571.9872901698259,
    "funding_apr_for_whale_pct": -6.0053304
  },
  "best_funding_income": {
    "snap_t": 1780143484046,
    "coin": "ETH",
    "direction": -1,
    "size_abs": 29165.1674,
    "entry_px": 2157.13,
    "position_value": 58831975.67928,
    "margin_used": 3922131.711952,
    "unrealized_pnl": 4081180.89436,
    "return_on_equity": 0.9730510556,
    "liq_px": "2782.3080018396",
    "funding_rate_per_hour": 1.25e-05,
    "funding_per_hour_usd": 735.399695991,
    "funding_per_day_usd": 17649.592703784,
    "funding_apr_for_whale_pct": 10.950000000000001
  }
}