{
  "snap_utc": "2026-05-27T04:52:52.888207+00:00",
  "snap_t_ms": 1779857572239,
  "account_value": 3305565.711641,
  "withdrawable": 0.0,
  "n_positions": 23,
  "n_long": 6,
  "n_short": 17,
  "total_unrealized_pnl": 8248112.023457,
  "total_funding_per_day_usd": 5177.275910369736,
  "n_positions_receiving_funding": 13,
  "n_positions_paying_funding": 10,
  "biggest_winner": {
    "snap_t": 1779857572239,
    "coin": "HYPE",
    "direction": 1,
    "size_abs": 78076.29,
    "entry_px": 27.1949,
    "position_value": 4733453.15754,
    "margin_used": 1577817.71918,
    "unrealized_pnl": 2610174.705434,
    "return_on_equity": 3.6879402739,
    "liq_px": null,
    "funding_rate_per_hour": -3.6436e-06,
    "funding_per_hour_usd": 17.246809924812744,
    "funding_per_day_usd": 413.92343819550587,
    "funding_apr_for_whale_pct": 3.1917936
  },
  "biggest_loser": {
    "snap_t": 1779857572239,
    "coin": "AAVE",
    "direction": 1,
    "size_abs": 4741.74,
    "entry_px": 152.6925,
    "position_value": 398970.0036,
    "margin_used": 39897.00036,
    "unrealized_pnl": -325058.486597,
    "return_on_equity": -4.4895814322,
    "liq_px": null,
    "funding_rate_per_hour": -4.45409e-05,
    "funding_per_hour_usd": 17.77048303334724,
    "funding_per_day_usd": 426.49159280033376,
    "funding_apr_for_whale_pct": 39.01782839999999
  },
  "worst_funding_drain": {
    "snap_t": 1779857572239,
    "coin": "TON",
    "direction": -1,
    "size_abs": 116097.7,
    "entry_px": 5.94226,
    "position_value": 223824.75583,
    "margin_used": 22382.475583,
    "unrealized_pnl": 466058.041681,
    "return_on_equity": 6.7556118715,
    "liq_px": "109.305889944",
    "funding_rate_per_hour": -9.21613e-05,
    "funding_per_hour_usd": -20.62798046947538,
    "funding_per_day_usd": -495.0715312674091,
    "funding_apr_for_whale_pct": -80.7332988
  },
  "best_funding_income": {
    "snap_t": 1779857572239,
    "coin": "BTC",
    "direction": 1,
    "size_abs": 149.83883,
    "entry_px": 70834.4,
    "position_value": 11317626.50756,
    "margin_used": 282940.662689,
    "unrealized_pnl": 703880.771741,
    "return_on_equity": 2.6527139024,
    "liq_px": null,
    "funding_rate_per_hour": -1.47009e-05,
    "funding_per_hour_usd": 166.3792955249888,
    "funding_per_day_usd": 3993.103092599731,
    "funding_apr_for_whale_pct": 12.877988400000001
  }
}