{
  "snap_utc": "2026-05-29T04:49:12.726236+00:00",
  "snap_t_ms": 1780030151943,
  "account_value": 3204733.279383,
  "withdrawable": 0.0,
  "n_positions": 23,
  "n_long": 6,
  "n_short": 17,
  "total_unrealized_pnl": 8151200.441705001,
  "total_funding_per_day_usd": -2864.5342526270138,
  "n_positions_receiving_funding": 14,
  "n_positions_paying_funding": 9,
  "biggest_winner": {
    "snap_t": 1780030151943,
    "coin": "HYPE",
    "direction": 1,
    "size_abs": 78076.29,
    "entry_px": 27.1949,
    "position_value": 4794118.43487,
    "margin_used": 1598039.47829,
    "unrealized_pnl": 2670839.982764,
    "return_on_equity": 3.7736548121,
    "liq_px": null,
    "funding_rate_per_hour": 1.25e-05,
    "funding_per_hour_usd": -59.926480435875,
    "funding_per_day_usd": -1438.235530461,
    "funding_apr_for_whale_pct": -10.950000000000001
  },
  "biggest_loser": {
    "snap_t": 1780030151943,
    "coin": "AAVE",
    "direction": 1,
    "size_abs": 4741.74,
    "entry_px": 152.6925,
    "position_value": 382359.68838,
    "margin_used": 38235.968838,
    "unrealized_pnl": -341668.801817,
    "return_on_equity": -4.7189966478,
    "liq_px": null,
    "funding_rate_per_hour": -1.4339e-06,
    "funding_per_hour_usd": 0.548265557168082,
    "funding_per_day_usd": 13.158373372033967,
    "funding_apr_for_whale_pct": 1.2560964
  },
  "worst_funding_drain": {
    "snap_t": 1780030151943,
    "coin": "BTC",
    "direction": 1,
    "size_abs": 149.83883,
    "entry_px": 70834.4,
    "position_value": 10997271.08902,
    "margin_used": 274931.777225,
    "unrealized_pnl": 383525.353201,
    "return_on_equity": 1.4453911475,
    "liq_px": null,
    "funding_rate_per_hour": 9.4288e-06,
    "funding_per_hour_usd": -103.69106964415178,
    "funding_per_day_usd": -2488.585671459643,
    "funding_apr_for_whale_pct": -8.2596288
  },
  "best_funding_income": {
    "snap_t": 1780030151943,
    "coin": "NEAR",
    "direction": -1,
    "size_abs": 399140.0,
    "entry_px": 3.29351,
    "position_value": 987991.242,
    "margin_used": 98799.1242,
    "unrealized_pnl": 326583.913601,
    "return_on_equity": 2.4843304866,
    "liq_px": "33.7311659175",
    "funding_rate_per_hour": 1.25e-05,
    "funding_per_hour_usd": 12.349890525000001,
    "funding_per_day_usd": 296.39737260000004,
    "funding_apr_for_whale_pct": 10.950000000000001
  }
}