{
  "snap_utc": "2026-05-30T14:11:31.549418+00:00",
  "snap_t_ms": 1780150290677,
  "account_value": 3772533.316349,
  "withdrawable": 29953.499362,
  "n_positions": 23,
  "n_long": 6,
  "n_short": 17,
  "total_unrealized_pnl": 8721361.777717,
  "total_funding_per_day_usd": -4446.819492314934,
  "n_positions_receiving_funding": 13,
  "n_positions_paying_funding": 10,
  "biggest_winner": {
    "snap_t": 1780150290677,
    "coin": "HYPE",
    "direction": 1,
    "size_abs": 78076.29,
    "entry_px": 27.1949,
    "position_value": 5304659.29518,
    "margin_used": 1768219.76506,
    "unrealized_pnl": 3181380.843074,
    "return_on_equity": 4.4950027726,
    "liq_px": null,
    "funding_rate_per_hour": 1.25e-05,
    "funding_per_hour_usd": -66.30824118975,
    "funding_per_day_usd": -1591.3977885540003,
    "funding_apr_for_whale_pct": -10.950000000000001
  },
  "biggest_loser": {
    "snap_t": 1780150290677,
    "coin": "AAVE",
    "direction": 1,
    "size_abs": 4741.74,
    "entry_px": 152.6925,
    "position_value": 394005.40182,
    "margin_used": 39400.540182,
    "unrealized_pnl": -330023.088377,
    "return_on_equity": -4.5581505817,
    "liq_px": null,
    "funding_rate_per_hour": 1.4056e-06,
    "funding_per_hour_usd": -0.553813992798192,
    "funding_per_day_usd": -13.291535827156608,
    "funding_apr_for_whale_pct": -1.2313056
  },
  "worst_funding_drain": {
    "snap_t": 1780150290677,
    "coin": "BTC",
    "direction": 1,
    "size_abs": 149.83883,
    "entry_px": 70834.4,
    "position_value": 11079083.0902,
    "margin_used": 276977.077255,
    "unrealized_pnl": 465337.354381,
    "return_on_equity": 1.7537158548,
    "liq_px": null,
    "funding_rate_per_hour": 1.25e-05,
    "funding_per_hour_usd": -138.4885386275,
    "funding_per_day_usd": -3323.7249270599996,
    "funding_apr_for_whale_pct": -10.950000000000001
  },
  "best_funding_income": {
    "snap_t": 1780150290677,
    "coin": "NEAR",
    "direction": -1,
    "size_abs": 399140.0,
    "entry_px": 3.29351,
    "position_value": 961727.83,
    "margin_used": 96172.783,
    "unrealized_pnl": 352847.325601,
    "return_on_equity": 2.684116797,
    "liq_px": "35.0970359035",
    "funding_rate_per_hour": 1.25e-05,
    "funding_per_hour_usd": 12.021597875,
    "funding_per_day_usd": 288.518349,
    "funding_apr_for_whale_pct": 10.950000000000001
  }
}