{
  "snap_utc": "2026-05-27T22:47:41.202405+00:00",
  "snap_t_ms": 1779922060554,
  "account_value": 3068516.048133,
  "withdrawable": 0.0,
  "n_positions": 23,
  "n_long": 6,
  "n_short": 17,
  "total_unrealized_pnl": 8010058.978413001,
  "total_funding_per_day_usd": -4633.160309857158,
  "n_positions_receiving_funding": 12,
  "n_positions_paying_funding": 11,
  "biggest_winner": {
    "snap_t": 1779922060554,
    "coin": "HYPE",
    "direction": 1,
    "size_abs": 78076.29,
    "entry_px": 27.1949,
    "position_value": 4584952.05396,
    "margin_used": 1528317.35132,
    "unrealized_pnl": 2461673.601854,
    "return_on_equity": 3.4781216746,
    "liq_px": null,
    "funding_rate_per_hour": 1.25e-05,
    "funding_per_hour_usd": -57.3119006745,
    "funding_per_day_usd": -1375.485616188,
    "funding_apr_for_whale_pct": -10.950000000000001
  },
  "biggest_loser": {
    "snap_t": 1779922060554,
    "coin": "AAVE",
    "direction": 1,
    "size_abs": 4741.74,
    "entry_px": 152.6925,
    "position_value": 397002.1815,
    "margin_used": 39700.21815,
    "unrealized_pnl": -327026.308697,
    "return_on_equity": -4.5167602259,
    "liq_px": null,
    "funding_rate_per_hour": -3.7123e-06,
    "funding_per_hour_usd": 1.47379119838245,
    "funding_per_day_usd": 35.3709887611788,
    "funding_apr_for_whale_pct": 3.2519748
  },
  "worst_funding_drain": {
    "snap_t": 1779922060554,
    "coin": "BTC",
    "direction": 1,
    "size_abs": 149.83883,
    "entry_px": 70834.4,
    "position_value": 11173481.5531,
    "margin_used": 279337.038827,
    "unrealized_pnl": 559735.817281,
    "return_on_equity": 2.1094751324,
    "liq_px": null,
    "funding_rate_per_hour": 1.15451e-05,
    "funding_per_hour_usd": -128.99896187869481,
    "funding_per_day_usd": -3095.9750850886758,
    "funding_apr_for_whale_pct": -10.1135076
  },
  "best_funding_income": {
    "snap_t": 1779922060554,
    "coin": "LINK",
    "direction": -1,
    "size_abs": 98661.2,
    "entry_px": 14.08033,
    "position_value": 905936.73676,
    "margin_used": 90593.673676,
    "unrealized_pnl": 483245.803285,
    "return_on_equity": 3.4786343001,
    "liq_px": "133.3442543225",
    "funding_rate_per_hour": 1.92644e-05,
    "funding_per_hour_usd": 17.452327671639345,
    "funding_per_day_usd": 418.8558641193443,
    "funding_apr_for_whale_pct": 16.875614400000003
  }
}